,mfl_id,sportradar_id,fantasypros_id,gsis_id,pff_id,sleeper_id,nfl_id,espn_id,yahoo_id,fleaflicker_id,cbs_id,pfr_id,cfbref_id,rotowire_id,rotoworld_id,ktc_id,stats_id,stats_global_id,fantasy_data_id,swish_id,name,merge_name,position,team,birthdate,age,draft_year,draft_round,draft_pick,draft_ovr,twitter_username,height,weight,college,db_season,cleaned_name,match_key,mapped_ids
35,17065,,,,,,,,,,,,,,,,,0.0,,,Henry Parrish,henry parrish,RB,FA,,,2025.0,,,,,70.0,185.0,Mississippi,2025,Henry Parrish,Henry Parrish_<NA>,
37,17067,,,,,,,,,,,,,,,,,0.0,,,John Emery,john emery,RB,FA,,,2025.0,,,,,72.0,220.0,LSU,2025,John Emery,John Emery_<NA>,
59,17089,483872b0-2630-11f0-b7f1-df7c830143e7,27218.0,,,12460.0,,,,,,,,18559.0,,,,0.0,26081.0,,Antwane Wells,antwane wells,WR,NYG,2001-04-02,24.5,2025.0,,,,,72.0,205.0,Ole Miss,2025,Antwane Wells,Antwane Wells_<NA>,
64,17094,,,,,,,,,,,,,18456.0,,,,0.0,,,Kyren Lacy,kyren lacy,XX,FA,,,2025.0,,,,,74.0,213.0,LSU,2025,Kyren Lacy,Kyren Lacy_<NA>,
80,17110,,,,,11594.0,,,,,2965087.0,,,18541.0,,,,0.0,,,Brant Kuithe,brant kuithe,TE,FA,,,2025.0,,,,,74.0,236.0,Utah,2025,Brant Kuithe,Brant Kuithe_<NA>,
141,17171,1e95c7fc-ecf7-4fcb-82d8-d77e2b6872d5,27315.0,00-0040705,129918.0,12540.0,58308.0,4431268.0,,,3162452.0,DikeCh00,,18641.0,,1814.0,,0.0,25987.0,,Chimere Dike,chimere dike,WR,TEN,2001-12-14,23.8,2025.0,4.0,1.0,103.0,,73.0,196.0,Florida,2025,Chimere Dike,Chimere Dike_<NA>,
245,17277,7bf5a2e0-2512-11f0-9825-33176da47896,27261.0,00-0040279,99867.0,12961.0,58715.0,4568263.0,,,,FitzRy01,,18508.0,,,,0.0,26108.0,,Ryan Fitzgerald,ryan fitzgerald,PK,CAR,2000-08-13,25.2,2025.0,,,,,71.0,193.0,Florida State,2025,Ryan Fitzgerald,Ryan Fitzgerald_<NA>,
344,17396,,,00-0040534,123406.0,,58980.0,4570738.0,,,,WillKe08,,18841.0,,,,0.0,,,Ke'Shawn Williams,keshawn williams,WR,PIT,2001-12-27,23.8,2025.0,,,,,,,,2025,KeShawn Williams,KeShawn Williams_<NA>,
370,16602,,,,,11578.0,,,,,3169578.0,,,17857.0,,,,0.0,,,Miyan Williams,miyan williams,RB,FA,,,2024.0,,,,,69.0,226.0,Ohio State,2025,Miyan Williams,Miyan Williams_<NA>,
402,16634,ffd59710-0582-11ef-823c-c3942ac17525,23957.0,00-0039521,101130.0,11921.0,57639.0,4428811.0,41202.0,,3131562.0,WeavXa00,,18041.0,,,,0.0,25032.0,1180538.0,Xavier Weaver,xavier weaver,WR,ARI,2000-10-12,25.0,2024.0,,,,,73.0,185.0,Colorado,2025,Xavier Weaver,Xavier Weaver_<NA>,
406,16638,,,,,,,4427225.0,,,,,,17006.0,,,,0.0,,,Zakhari Franklin,zakhari franklin,WR,FA,,,2024.0,,,,,,,Mississippi,2025,Zakhari Franklin,Zakhari Franklin_<NA>,
741,16195,ea3d1393-8c3b-4e81-a519-f636d28d692e,24354.0,00-0038393,99711.0,9486.0,56024.0,4428850.0,40201.0,,3122375.0,WickDo00,dontayvion-wicks-1,16658.0,,1448.0,,0.0,23253.0,1172428.0,Dontayvion Wicks,dontayvion wicks,WR,GBP,2001-06-16,24.3,2023.0,5.0,24.0,159.0,,73.0,206.0,Virginia,2025,Dontayvion Wicks,Dontayvion Wicks_<NA>,
766,16220,5d4a5e4f-7c74-4b4c-b8e5-33bb831e3057,23821.0,00-0038394,77888.0,10220.0,56027.0,4362523.0,40180.0,,2962073.0,MallWi00,will-mallory-1,17014.0,,,,0.0,23143.0,1121873.0,Will Mallory,will mallory,TE,IND,1999-06-22,26.3,2023.0,5.0,27.0,162.0,,76.0,239.0,Miami (FL),2025,Will Mallory,Will Mallory_<NA>,
1084,15700,,,,,8216.0,,,,,2966363.0,,,15970.0,,,,0.0,,,Kaleb Eleby,kaleb eleby,QB,FA,2000-03-13,23.0,2022.0,,,,,73.0,208.0,Western Michigan,2025,Kaleb Eleby,Kaleb Eleby_<NA>,
1115,15732,,,,,,,,,,,,,15985.0,,,,0.0,,,LD Brown,ld brown,RB,FA,1997-10-18,25.4,2022.0,,,,,,,Oklahoma State,2025,LD Brown,LD Brown_<NA>,
1120,15737,,,,,,,,,,,,,16252.0,,,,0.0,,,Stephen Carr,stephen carr,RB,FA,,,2022.0,,,,,,,Indiana,2025,Stephen Carr,Stephen Carr_<NA>,
1124,15741,,,,,,,,,,2865430.0,,,16339.0,,,,0.0,,,Calvin Turner Jr.,calvin turner,RB,FA,1999-07-06,23.6,2022.0,,,,,,,Hawaii,2025,Calvin Turner,Calvin Turner_<NA>,
1495,15247,,,,,,,,,,,,,15420.0,,,,0.0,,,Brady White,brady white,QB,FA,,,2021.0,,,,,,,Memphis,2025,Brady White,Brady White_<NA>,
1497,15249,,,,,,,,,,,,,15424.0,,,,0.0,,,Peyton Ramsey,peyton ramsey,QB,FA,,,2021.0,,,,,,,Northwestern,2025,Peyton Ramsey,Peyton Ramsey_<NA>,
1526,15278,,,,,,,,,,,,,,,,,0.0,,,Gregory McRae,gregory mcrae,RB,FA,,,2021.0,,,,,,,Central Florida,2025,Gregory McRae,Gregory McRae_<NA>,
1528,15280,,,,,,,,,,,,,,,,,0.0,,,Shane Simpson,shane simpson,RB,FA,,,2021.0,,,,,,,Virginia,2025,Shane Simpson,Shane Simpson_<NA>,
1547,15299,,,,,,,,,,,,,15201.0,,,,0.0,,,Damonte Coxie,damonte coxie,WR,FA,,,2021.0,,,,,,,Memphis,2025,Damonte Coxie,Damonte Coxie_<NA>,
1558,15310,,,,,,,,,,,,,15279.0,,,,0.0,,,Marlon Williams,marlon williams,WR,FA,,,2021.0,,,,,,,Central Florida,2025,Marlon Williams,Marlon Williams_<NA>,
1812,15677,7656034d-8647-49e5-b0d4-b708423042ee,23339.0,00-0036696,,7903.0,,,33837.0,,2247169.0,,,15561.0,,,,0.0,,921082.0,Briley Moore-McKinney,briley moore-mckinney,TE,FA,1998-01-13,24.1,2021.0,,,,,76.0,250.0,Kansas State,2025,Briley Moore-McKinney,Briley Moore-McKinney_<NA>,
1843,14791,,,,,7102.0,,,,,,,,14786.0,,,,0.0,21821.0,,Mason Fine,mason fine,QB,FA,1997-04-19,28.5,2020.0,,,,,,190.0,North Texas,2025,Mason Fine,Mason Fine_<NA>,
1847,14795,,,,,7110.0,,,,,2179210.0,,,14528.0,,,,0.0,21972.0,,Kelly Bryant,kelly bryant,QB,FA,1996-09-25,29.1,2020.0,,,,,,229.0,Missouri,2025,Kelly Bryant,Kelly Bryant_<NA>,
1874,14822,,,,,6978.0,,,,,,,,14440.0,,,,0.0,21805.0,,Reggie Corbin,reggie corbin,RB,FA,,,2020.0,,,,,,201.0,Illinois,2025,Reggie Corbin,Reggie Corbin_<NA>,
1877,14825,,,,,,,,,,,,,,,,,0.0,,,Jordan Conkrite,jordan conkrite,RB,FA,,,2020.0,,,,,,,South Florida,2025,Jordan Conkrite,Jordan Conkrite_<NA>,
2271,14091,,,,,,,,,,,,,,,,,0.0,,,Tre Watson,tre watson,RB,FA,,,2019.0,,,,,71.0,195.0,Texas,2025,Tre Watson,Tre Watson_<NA>,
2313,14133,,,,,,,,,,,,,13606.0,,,,0.0,,,Ron'Quavion Tarver,ronquavion tarver,WR,FA,,,2019.0,,,,,,,Utah State,2025,RonQuavion Tarver,RonQuavion Tarver_<NA>,
2367,14187,,,,,,,,,,2962027.0,,,13825.0,,,,0.0,,,Cole Tracy,cole tracy,PK,FA,,,2019.0,,,,,,,LSU,2025,Cole Tracy,Cole Tracy_<NA>,
2679,16859,,,,,,,,,,2180626.0,,,,,,,0.0,,,Tyron Billy-Johnson,tyron billy-johnson,XX,FA,1996-01-08,29.1,2019.0,,,,,73.0,193.0,Oklahoma State,2025,Tyron Billy-Johnson,Tyron Billy-Johnson_<NA>,
2691,13597,1278e608-651d-42ee-931d-6e846bcb87dd,,,,5270.0,,3044719.0,,,,,,12647.0,13414.0,,,0.0,20317.0,,Riley Ferguson,riley ferguson,QB,FA,1995-01-19,30.7,2018.0,,,,,76.0,210.0,Memphis,2025,Riley Ferguson,Riley Ferguson_<NA>,
2721,13627,,,,,,,,,,,,,,,,,0.0,,,Nick Wilson,nick wilson,RB,FA,,,2018.0,,,,,,,Arizona,2025,Nick Wilson,Nick Wilson_<NA>,
2737,13643,1dea7b00-f200-470f-8912-ca9d87ceb7e2,,00-0034068,28580.0,5164.0,46326.0,3128251.0,31397.0,,2924881.0,CobbSi00,,12480.0,13386.0,,,0.0,20107.0,,Simmie Cobbs,simmie cobbs,WR,FA,1995-08-25,30.1,2018.0,,,,,75.0,220.0,Indiana,2025,Simmie Cobbs,Simmie Cobbs_<NA>,
2771,13677,,,,,,,,,,,,,12859.0,,,,0.0,,,Adam Breneman,adam breneman,TE,FA,,,2018.0,,,,,,,Massachusetts,2025,Adam Breneman,Adam Breneman_<NA>,
2814,13720,,,,,,,,,,2131082.0,,,12661.0,,,,0.0,,,Drew Brown,drew brown,PK,FA,,,2018.0,,,,,,,Nebraska,2025,Drew Brown,Drew Brown_<NA>,
3131,13122,,,,,,,,,,2001265.0,,,11842.0,,,,0.0,,,Seth Russell,seth russell,QB,FA,,,2017.0,,,,,,,Baylor,2025,Seth Russell,Seth Russell_<NA>,
3135,13126,,,,,,,,,,,,,,,,,0.0,,,Gunner Kiel,gunner kiel,QB,FA,,,2017.0,,,,,,,Cincinnati,2025,Gunner Kiel,Gunner Kiel_<NA>,
3156,13147,,,,,,,,,,,,,12188.0,,,,0.0,,,Shock Linwood,shock linwood,RB,FA,,,2017.0,,,,,,,Baylor,2025,Shock Linwood,Shock Linwood_<NA>,
3160,13151,cf338764-9e5b-488e-888f-2443b0b5fc64,,,,4923.0,,2970270.0,30390.0,,,,,11772.0,,,,0.0,19161.0,,Rushel Shell,rushel shell,RB,FA,1993-09-07,32.1,2017.0,,,,,70.0,225.0,West Virginia,2025,Rushel Shell,Rushel Shell_<NA>,
3527,14576,2e67a3f9-b3e8-409b-a61f-adc76fb83115,,00-0034035,48081.0,4829.0,45859.0,3060347.0,30938.0,,,,,12374.0,,,,753865.0,19733.0,,Daniel Williams,daniel williams,WR,FA,1995-08-06,25.8,2017.0,,,,,75.0,200.0,Jackson State,2025,Daniel Williams,Daniel Williams_<NA>,
3543,12622,,,,,,,,,,,,,10875.0,11268.0,,,0.0,,,Vernon Adams,vernon adams,QB,FA,,,2016.0,,,,,,,Oregon,2025,Vernon Adams,Vernon Adams_<NA>,
3545,12624,,,,,,,,,,1892464.0,,,,11631.0,,,0.0,,,Blake Frohnapfel,blake frohnapfel,QB,FA,,,2016.0,,,,,,,Massachusetts,2025,Blake Frohnapfel,Blake Frohnapfel_<NA>,
3587,12666,,,,,,,,,,2071871.0,,,10833.0,11331.0,,,0.0,,,De'Runnya Wilson,derunnya wilson,WR,FA,,,2016.0,,,,,,,Mississippi State,2025,DeRunnya Wilson,DeRunnya Wilson_<NA>,
3644,12732,,,,,,,,,,,,,,,,,0.0,,,Terron Beckham,terron beckham,RB,FA,,,2016.0,,,,,,,,2025,Terron Beckham,Terron Beckham_<NA>,
3843,12936,74bb4fa1-3ad4-4376-83d7-bb993da9149e,,00-0032876,11238.0,3621.0,43943.0,2972065.0,29865.0,,2237119.0,WillJo08,,11077.0,11579.0,,,598693.0,18408.0,,Jordan Williams,jordan williams,WR,NOS,1994-05-09,27.0,2016.0,,,,,75.0,228.0,Ball State,2025,Jordan Williams,Jordan Williams_<NA>,
3985,12147,,,,,,,,,,,,,10514.0,,,,0.0,,,Taylor Kelly,taylor kelly,QB,FA,,,2015.0,,,,,,,Arizona State,2025,Taylor Kelly,Taylor Kelly_<NA>,
4006,12168,,,,,,,,,,1824784.0,,,10204.0,,,,0.0,,,Dee Hart,dee hart,RB,FA,,,2015.0,,,,,,,Colorado State,2025,Dee Hart,Dee Hart_<NA>,
4010,12172,,,,,,,,,,,,,,,,,0.0,,,Desmond Roland,desmond roland,RB,FA,,,2015.0,,,,,,,Oklahoma State,2025,Desmond Roland,Desmond Roland_<NA>,
4223,12389,a264a0ea-f8c7-4d31-92c3-93c77d2569de,,,,,,,,,,,,10190.0,10663.0,,,0.0,,,Malcolm Agnew,malcolm agnew,RB,FA,1993-05-17,28.0,2015.0,,,,,70.0,202.0,Southern Illinois,2025,Malcolm Agnew,Malcolm Agnew_<NA>,
4246,12412,,,,,,,,,,1776297.0,,,10174.0,10437.0,,,0.0,,,Brandon Bridge,brandon bridge,QB,FA,1992-03-21,29.1,2015.0,,,,,76.0,229.0,South Alabama,2025,Brandon Bridge,Brandon Bridge_<NA>,
4788,11160,,,,,,,,,,1630750.0,,,8755.0,8460.0,,,0.0,,,Collin Klein,collin klein,QB,FA,,,2013.0,,,,,,,Kansas State,2025,Collin Klein,Collin Klein_<NA>,
4797,11169,,,,,,,,,,1631205.0,,,,,,,0.0,,,Ryan Aplin,ryan aplin,QB,FA,,,2013.0,,,,,,,Arkansas State,2025,Ryan Aplin,Ryan Aplin_<NA>,
4800,11172,,,,,,,,,,,,,8756.0,,,,0.0,,,Nick Florence,nick florence,QB,FA,,,2013.0,,,,,,,Baylor,2025,Nick Florence,Nick Florence_<NA>,
4815,11187,,,,,,,,,,1630429.0,,,,,,,0.0,,,Montel Harris,montel harris,RB,FA,,,2013.0,,,,,,,Temple,2025,Montel Harris,Montel Harris_<NA>,
4832,11205,,,,,,,,,,,,,,,,,0.0,,,John White,john white,RB,FA,,,2013.0,,,,,,,Utah,2025,John White,John White_<NA>,
4834,11207,,,,,,,,,,,,,,,,,0.0,,,Perry Jones,perry jones,RB,FA,,,2013.0,,,,,,,Virginia,2025,Perry Jones,Perry Jones_<NA>,
4923,11296,,,,,,,,,,1724998.0,,,,,,,0.0,,,Khaseem Green,khaseem green,XX,FA,,,2013.0,,,,,,,Rutgers,2025,Khaseem Green,Khaseem Green_<NA>,
5880,10606,,,,,,,,,,,,,,,,,0.0,,,Edmund Gates,edmund gates,XX,FA,,,2011.0,,,,,71.0,197.0,Abilene Christian,2025,Edmund Gates,Edmund Gates_<NA>,
6595,9698,,,,,,,,,,,,,,5465.0,,,0.0,,,Aaron Kelly,aaron kelly,WR,FA,1986-04-02,35.1,2009.0,,,,,76.0,204.0,Clemson,2025,Aaron Kelly,Aaron Kelly_<NA>,
6663,9046,,,,,,,,,,563911.0,,,,4660.0,,,0.0,,,Adarius Bowman,adarius bowman,WR,FA,,,2008.0,,,,,,,Oklahoma St.,2025,Adarius Bowman,Adarius Bowman_<NA>,
7032,8745,,,,,,,,,,,,,,,,,0.0,,,Marc Hickock,marc hickock,PK,FA,,,2007.0,,,,,,,Connecticut,2025,Marc Hickock,Marc Hickock_<NA>,
7201,8979,,,,,,,,,,1226361.0,,,5540.0,4549.0,,,0.0,,,Rudy Sylvan,rudy sylvan,TE,FA,1984-12-23,36.4,2007.0,,,,,76.0,272.0,Ohio,2025,Rudy Sylvan,Rudy Sylvan_<NA>,
7338,8345,,,,,,,,,,419784.0,,,,3736.0,,,0.0,,,Cory Rodgers,cory rodgers,WR,FA,,,2006.0,4.0,7.0,,,,187.0,Texas Christian,2025,Cory Rodgers,Cory Rodgers_<NA>,
7562,8923,,,,,,,,,,1226329.0,,,,,,,0.0,,,Joe Rubin,joe rubin,RB,FA,1982-11-23,38.5,2006.0,,,,,71.0,225.0,Portland State,2025,Joe Rubin,Joe Rubin_<NA>,
7784,8055,,,,,,,,,,,,,4404.0,3239.0,,,0.0,,,Anthony Davis,anthony davis,RB,FA,,,2005.0,7.0,29.0,,,67.0,,Wisconsin,2025,Anthony Davis,Anthony Davis_<NA>,
8223,7087,,,,,,,,,,,,,3113.0,,,,0.0,,,Jon Olinger,jon olinger,WR,FA,1980-08-24,40.7,2003.0,5.0,24.0,,,75.0,223.0,Cincinnati,2025,Jon Olinger,Jon Olinger_<NA>,
8271,7146,,,,,,,,,,,MacKMa20,malaefou-mackenzie-1,,,,,0.0,,,Malaefou Mackenzie,malaefou mackenzie,RB,FA,,,2003.0,7.0,4.0,218.0,,70.0,233.0,Southern California,2025,Malaefou Mackenzie,Malaefou Mackenzie_<NA>,
8280,7159,,,,,,,,,,,GardTa00,talman-gardner-1,3137.0,1035.0,,,0.0,,,Talman Gardner,talman gardner,WR,FA,1980-03-10,41.2,2003.0,7.0,17.0,231.0,,73.0,205.0,Florida State,2025,Talman Gardner,Talman Gardner_<NA>,
8282,7162,,,,,,,,,,,NeadSp00,spencer-nead-1,3139.0,,,,0.0,,,Spencer Nead,spencer nead,TE,FA,,,2003.0,7.0,20.0,234.0,,76.0,259.0,Brigham Young,2025,Spencer Nead,Spencer Nead_<NA>,
8300,7188,,,,,,,,,,,,,3149.0,1839.0,,,0.0,,,Travis Anglin,travis anglin,WR,FA,,,2003.0,7.0,46.0,,,76.0,192.0,Memphis,2025,Travis Anglin,Travis Anglin_<NA>,
8403,6594,,,,,,,,,,,,,2586.0,,,,0.0,,,Marquise Walker,marquise walker,WR,FA,1978-12-11,42.4,2002.0,3.0,21.0,,,74.0,219.0,Michigan,2025,Marquise Walker,Marquise Walker_<NA>,
8433,6627,,,,,,,,,,,StepTr01,travis-stephens-1,2598.0,,,,0.0,,,Travis Stephens,travis stephens,RB,FA,1978-06-26,42.9,2002.0,4.0,21.0,119.0,,68.0,194.0,Tennessee,2025,Travis Stephens,Travis Stephens_<NA>,
8437,6631,,,,,,,,,,,JohnRo03,ron-johnson-1,,,,,0.0,,,Ron Johnson,ron johnson,WR,FA,1980-05-23,41.0,2002.0,4.0,25.0,123.0,,,225.0,Minnesota,2025,Ron Johnson,Ron Johnson_<NA>,
8447,6645,,,,,,,,,,,FasaRa00,randy-fasani-1,,,,,0.0,,,Randy Fasani,randy fasani,QB,FA,1978-09-18,42.6,2002.0,5.0,2.0,137.0,,75.0,234.0,Stanford,2025,Randy Fasani,Randy Fasani_<NA>,
8452,6650,,,,,,,,,,,,,2605.0,,,,0.0,,,Terry Charles,terry charles,WR,FA,1979-07-08,41.8,2002.0,5.0,7.0,,,75.0,207.0,Portland State,2025,Terry Charles,Terry Charles_<NA>,
8494,6705,,,,,,,,,,,NedxLa00,larry-ned-1,2628.0,,,,0.0,,,Larry Ned,larry ned,RB,FA,1978-08-23,42.7,2002.0,6.0,25.0,197.0,,71.0,219.0,San Diego State,2025,Larry Ned,Larry Ned_<NA>,
8500,6712,,,,,,,,,,,AlleBr20,brian-allen-2,2633.0,1538.0,,,0.0,,,Brian Allen,brian allen,RB,FA,1980-04-20,41.0,2002.0,6.0,32.0,204.0,,69.0,209.0,Stanford,2025,Brian Allen,Brian Allen_<NA>,
8507,6722,,,,,,,,,,,,,2524.0,,,,0.0,,,Luke Staley,luke staley,RB,FA,1980-09-16,40.6,2002.0,7.0,3.0,,,73.0,227.0,Brigham Young,2025,Luke Staley,Luke Staley_<NA>,
8508,6724,,,,,,,,,,,,,3473.0,,,,0.0,,,Seth Burford,seth burford,QB,FA,1979-03-11,42.2,2002.0,7.0,5.0,,,75.0,241.0,,2025,Seth Burford,Seth Burford_<NA>,
8511,6730,,,,,,,,,,302097.0,NewsKe00,kendall-newson-1,3301.0,1279.0,,,0.0,,,Kendall Newson,kendall newson,WR,FA,1980-03-05,41.2,2002.0,7.0,11.0,222.0,,,183.0,Middle Tennessee Sta,2025,Kendall Newson,Kendall Newson_<NA>,
8512,6731,,,,,,,,,,,BankMi20,mike-banks-1,2852.0,,,,0.0,,,Mike Banks,mike banks,TE,FA,1979-11-05,41.5,2002.0,7.0,12.0,223.0,,76.0,260.0,Iowa State,2025,Mike Banks,Mike Banks_<NA>,
8517,6738,,,,,,,,,,,GrauJe20,,3486.0,,,,0.0,,,Jeff Grau,jeff grau,TE,FA,1979-12-16,41.4,2002.0,7.0,19.0,230.0,,75.0,246.0,UCLA,2025,Jeff Grau,Jeff Grau_<NA>,
8519,6740,,,,,,,,,,,KellJe21,jeff-kelly-1,2726.0,,,,0.0,,,Jeff Kelly,jeff kelly,QB,FA,1979-09-07,41.7,2002.0,7.0,21.0,232.0,,73.0,206.0,Southern Mississippi,2025,Jeff Kelly,Jeff Kelly_<NA>,
8523,6744,,,,,,,,,,,,,2722.0,,,,0.0,,,Wes Pate,wes pate,QB,FA,1979-03-24,42.1,2002.0,7.0,25.0,,,,228.0,Stephen F. Austin,2025,Wes Pate,Wes Pate_<NA>,
8524,6745,,,,,,,,,,,,,2650.0,,,,0.0,,,Antwoine Womack,antwoine womack,RB,FA,1978-03-20,43.1,2002.0,7.0,26.0,,,,214.0,Virginia,2025,Antwoine Womack,Antwoine Womack_<NA>,
8530,6755,,,,,,,,,,,epstehay01,hayden-epstein-1,2697.0,1214.0,,,0.0,,,Hayden Epstein,hayden epstein,PK,FA,1980-11-16,40.5,2002.0,7.0,36.0,247.0,,,212.0,Michigan,2025,Hayden Epstein,Hayden Epstein_<NA>,
8532,6758,,,,,,,,,,,,,2728.0,,,,0.0,,,Tracey Wistrom,tracey wistrom,TE,FA,1978-08-28,42.7,2002.0,7.0,39.0,,,76.0,245.0,Nebraska,2025,Tracey Wistrom,Tracey Wistrom_<NA>,
8628,4978,,,,,,,,,,,,,2233.0,,,,0.0,,,Marvin Minnis,marvin minnis,WR,FA,1977-02-06,44.2,2001.0,3.0,15.0,,,73.0,170.0,Florida State,2025,Marvin Minnis,Marvin Minnis_<NA>,
8645,5002,,,,,,,,,,,gramabil01,bill-gramatica-2,2240.0,2081.0,,,0.0,,,Bill Gramatica,bill gramatica,PK,FA,1978-07-10,42.8,2001.0,4.0,3.0,98.0,,70.0,180.0,South Florida,2025,Bill Gramatica,Bill Gramatica_<NA>,
8653,5013,,,,,,,,,,,LaynGe00,george-layne-1,,,,,0.0,,,George Layne,george layne,RB,FA,1978-10-09,42.6,2001.0,4.0,13.0,108.0,,73.0,250.0,,2025,George Layne,George Layne_<NA>,
8660,5021,,,,,,,,,,,WynnMi00,milton-wynn-1,2382.0,,,,0.0,,,Milton Wynn,milton wynn,WR,BAL,1978-09-21,42.6,2001.0,4.0,21.0,116.0,,74.0,210.0,Washington State,2025,Milton Wynn,Milton Wynn_<NA>,
8662,5024,,,,,,,,,,,HollJa01,jabari-holloway-1,2321.0,,,,0.0,,,Jabari Holloway,jabari holloway,TE,FA,1978-12-18,42.4,2001.0,4.0,24.0,119.0,,,250.0,Notre Dame,2025,Jabari Holloway,Jabari Holloway_<NA>,
8676,5043,,,,,,,,,,,SuthVi00,vinny-sutherland-1,2271.0,,,,0.0,,,Vinny Sutherland,vinny sutherland,WR,FA,1978-04-22,43.0,2001.0,5.0,5.0,136.0,,70.0,190.0,Purdue,2025,Vinny Sutherland,Vinny Sutherland_<NA>,
8688,5063,,,,,,,,,,,,,2312.0,,,,0.0,,,Onome Ojo,onome ojo,WR,FA,1977-06-03,43.9,2001.0,5.0,22.0,,,75.0,200.0,,2025,Onome Ojo,Onome Ojo_<NA>,
8695,5070,,,,,,,,,,,,,,,,,0.0,,,John Markham,john markham,PK,FA,1979-04-27,42.0,2001.0,5.0,29.0,,,73.0,210.0,Vanderbilt,2025,John Markham,John Markham_<NA>,
8697,5072,,,,,,,,,,,,,,,,,0.0,,,Jon Carter,jon carter,WR,FA,1979-03-20,42.1,2001.0,5.0,31.0,,,,175.0,Troy State,2025,Jon Carter,Jon Carter_<NA>,
8700,5076,,,,,,,,,,,,,,,,,0.0,,,Bobby Newcombe,bobby newcombe,WR,FA,1979-08-08,41.7,2001.0,6.0,3.0,,,70.0,190.0,Nebraska,2025,Bobby Newcombe,Bobby Newcombe_<NA>,
8709,5087,,,,,,,,,,,,,2249.0,,,,0.0,,,Josh Heupel,josh heupel,QB,FA,1978-03-22,43.1,2001.0,6.0,14.0,,,74.0,215.0,Oklahoma,2025,Josh Heupel,Josh Heupel_<NA>,
8712,5091,,,,,,,,,,,,,,,,,0.0,,,Arthur Love,arthur love,TE,DEN,1977-09-18,43.6,2001.0,6.0,17.0,,,75.0,240.0,,2025,Arthur Love,Arthur Love_<NA>,
8722,5103,,,,,,,,,,,AlexDa21,dan-alexander-1,2370.0,379.0,,,0.0,,,Dan Alexander,dan alexander,RB,FA,1978-03-17,43.1,2001.0,6.0,29.0,192.0,,71.0,255.0,Nebraska,2025,Dan Alexander,Dan Alexander_<NA>,
8724,5106,,,,,,,,,,,OLeaDa20,dan-oleary-1,,,,,0.0,,,Dan O'Leary,dan oleary,TE,FA,1977-09-01,43.7,2001.0,6.0,32.0,195.0,,76.0,255.0,Notre Dame,2025,Dan OLeary,Dan OLeary_<NA>,
8726,5108,,,,,,,,,,,,,2502.0,,,,0.0,,,Francis St. Paul,francis st paul,WR,FA,1979-04-25,42.0,2001.0,6.0,34.0,,,,180.0,Northern Arizona,2025,Francis St. Paul,Francis St. Paul_<NA>,
8732,5117,,,,,,,,,,,,,2250.0,,,,0.0,,,Dauntae Finger,dauntae finger,TE,FA,1977-04-05,44.1,2001.0,7.0,5.0,,,76.0,255.0,North Carolina,2025,Dauntae Finger,Dauntae Finger_<NA>,
8735,5121,,,,,,,,,,,,,2245.0,,,,0.0,,,John Capel,john capel,WR,FA,,,2001.0,7.0,8.0,,,71.0,180.0,Florida,2025,John Capel,John Capel_<NA>,
8740,5127,,,,,,,,,,,GermRe00,reggie-germany-1,2246.0,,,,0.0,,,Reggie Germany,reggie germany,WR,FA,1978-03-19,43.1,2001.0,7.0,14.0,214.0,,74.0,190.0,Ohio State,2025,Reggie Germany,Reggie Germany_<NA>,
8742,5129,,,,,,,,,,,pochmowe01,owen-pochman-1,2355.0,433.0,,,0.0,,,Owen Pochman,owen pochman,PK,FA,1977-08-02,43.8,2001.0,7.0,16.0,216.0,,,180.0,,2025,Owen Pochman,Owen Pochman_<NA>,
8748,5140,,,,,,,,,,,RobeMi00,mike-roberg-1,2869.0,,,,0.0,,,Mike Roberg,mike roberg,TE,FA,1977-09-18,43.6,2001.0,7.0,27.0,227.0,,76.0,255.0,Idaho,2025,Mike Roberg,Mike Roberg_<NA>,
8750,5142,,,,,,,,,,,RambKe00,ken-yon-rambo-1,2252.0,,,,0.0,,,Ken-yon Rambo,ken-yon rambo,WR,FA,1978-10-04,42.6,2001.0,7.0,29.0,229.0,,73.0,190.0,Ohio State,2025,Ken-yon Rambo,Ken-yon Rambo_<NA>,
8756,5149,,,,,,,,,,,,,,,,,0.0,,,Richmond Flowers,richmond flowers,WR,FA,1978-05-04,43.0,2001.0,7.0,35.0,,,71.0,190.0,,2025,Richmond Flowers,Richmond Flowers_<NA>,
8757,5150,,,,,,,,,,,,,,,,,0.0,,,Dustin McClintock,dustin mcclintock,RB,FA,,,2001.0,7.0,36.0,,,73.0,265.0,Alabama,2025,Dustin McClintock,Dustin McClintock_<NA>,
8765,5159,,,,,,,,,,,KingAn00,andre-king-1,2266.0,,,,0.0,,,Andre King,andre king,WR,FA,1973-11-26,47.4,2001.0,7.0,45.0,245.0,,71.0,200.0,Miami (Fla.),2025,Andre King,Andre King_<NA>,
8766,5160,,,,,,,,,,,,,,,,,0.0,,,Tevita Ofahengaua,tevita ofahengaua,TE,FA,1975-07-09,45.8,2001.0,7.0,46.0,,,74.0,245.0,,2025,Tevita Ofahengaua,Tevita Ofahengaua_<NA>,
8802,5670,,,,,,,,,,,MorrSy00,,1312.0,,,,0.0,,,Sylvester Morris,sylvester morris,WR,FA,1977-10-06,43.6,2000.0,1.0,21.0,21.0,,,200.0,Jackson State,2025,Sylvester Morris,Sylvester Morris_<NA>,
8809,5678,,,,,,,,,,,SowaR.00,r-jay-soward-1,1314.0,,,,0.0,,,R jay Soward,r jay soward,WR,FA,1978-01-16,43.3,2000.0,1.0,29.0,29.0,,69.0,172.0,Southern California,2025,R jay Soward,R jay Soward_<NA>,
8811,5680,,,,,,,,,,,CaniTr00,trung-canidate-1,1414.0,149.0,,,0.0,,,Trung Canidate,trung canidate,RB,FA,1977-03-03,44.2,2000.0,1.0,31.0,31.0,,70.0,185.0,Arizona,2025,Trung Canidate,Trung Canidate_<NA>,
8836,5712,,,,,,,,,,,PrenTr00,travis-prentice-1,1385.0,,,,0.0,,,Travis Prentice,travis prentice,RB,FA,1976-12-08,44.4,2000.0,3.0,1.0,63.0,,71.0,225.0,Miami (Ohio),2025,Travis Prentice,Travis Prentice_<NA>,
8838,5714,,,,,,,,,,,,,1319.0,,,,0.0,,,Giovanni Carmazzi,giovanni carmazzi,QB,FA,,,2000.0,3.0,3.0,,,74.0,220.0,Hofstra,2025,Giovanni Carmazzi,Giovanni Carmazzi_<NA>,
8852,5728,,,,,,,,,,,DawsJa00,jajuan-dawson-1,1429.0,,,,0.0,,,Jajuan Dawson,jajuan dawson,WR,FA,1977-11-05,43.5,2000.0,3.0,17.0,79.0,,72.0,190.0,Tulane,2025,Jajuan Dawson,Jajuan Dawson_<NA>,
8867,5746,,,,,,,,,,,KeatCu00,curtis-keaton-1,1326.0,,,,0.0,,,Curtis Keaton,curtis keaton,RB,FA,1976-10-18,44.6,2000.0,4.0,3.0,97.0,,70.0,210.0,James Madison,2025,Curtis Keaton,Curtis Keaton_<NA>,
8879,5760,,,,,,,,,,,GaylTr00,trevor-gaylor-1,1329.0,,,,0.0,,,Trevor Gaylor,trevor gaylor,WR,FA,1977-11-03,43.5,2000.0,4.0,17.0,111.0,,75.0,190.0,Miami (Ohio),2025,Trevor Gaylor,Trevor Gaylor_<NA>,
8882,5764,,,,,,,,,,,MoreFr00,frank-moreau-1,1333.0,,,,0.0,,,Frank Moreau,frank moreau,RB,NEP,,,2000.0,4.0,21.0,115.0,,73.0,230.0,Louisville,2025,Frank Moreau,Frank Moreau_<NA>,
8906,5790,,,,,,,,,,,StacDa00,dave-stachelski-1,1349.0,,,,0.0,,,Dave Stachelski,dave stachelski,TE,FA,,,2000.0,5.0,12.0,141.0,,75.0,250.0,Boise State,2025,Dave Stachelski,Dave Stachelski_<NA>,
8908,5792,,,,,,,,,,,HayeWi00,windrell-hayes-1,1338.0,,,,0.0,,,Windrell Hayes,windrell hayes,WR,FA,,,2000.0,5.0,14.0,143.0,,71.0,200.0,Southern California,2025,Windrell Hayes,Windrell Hayes_<NA>,
8918,5803,,,,,,,,,,,,,1378.0,,,,0.0,,,Muneer Moore,muneer moore,WR,FA,,,2000.0,5.0,25.0,,,73.0,200.0,Richmond,2025,Muneer Moore,Muneer Moore_<NA>,
8922,5807,,,,,,,,,,,WheaAu20,austin-wheatley-1,1380.0,,,,0.0,,,Austin Wheatley,austin wheatley,TE,FA,,,2000.0,5.0,29.0,158.0,,76.0,245.0,Iowa,2025,Austin Wheatley,Austin Wheatley_<NA>,
8928,5813,,,,,,,,,,,TantJa00,jay-tant-1,,,,,0.0,,,Jay Tant,jay tant,TE,FA,,,2000.0,5.0,35.0,164.0,,75.0,250.0,Northwestern,2025,Jay Tant,Jay Tant_<NA>,
8936,5821,,,,,,,,,,,PhilMa20,,,,,,0.0,,,Mareno Philyaw,mareno philyaw,WR,FA,,,2000.0,6.0,6.0,172.0,,74.0,195.0,Troy State,2025,Mareno Philyaw,Mareno Philyaw_<NA>,
8957,5845,,,,,,,,,,,SmitEm20,emanuel-smith-1,,,,,0.0,,,Emanuel Smith,emanuel smith,WR,FA,,,2000.0,6.0,30.0,196.0,,73.0,225.0,Arkansas,2025,Emanuel Smith,Emanuel Smith_<NA>,
8963,5851,,,,,,,,,,,HusaTo20,todd-husak-1,1553.0,,,,0.0,,,Todd Husak,todd husak,QB,FA,,,2000.0,6.0,36.0,202.0,,75.0,215.0,Stanford,2025,Todd Husak,Todd Husak_<NA>,
8966,5854,,,,,,,,,,,,,,,,,0.0,,,Jajuan Seider,jajuan seider,QB,FA,,,2000.0,6.0,39.0,,,73.0,220.0,Florida A&M,2025,Jajuan Seider,Jajuan Seider_<NA>,
8968,5857,,,,,,,,,,,,,3385.0,,,,0.0,,,Desmond Kitchings,desmond kitchings,WR,FA,,,2000.0,7.0,2.0,,,69.0,175.0,Furman,2025,Desmond Kitchings,Desmond Kitchings_<NA>,
8974,5863,,,,,,,,,,,JackJa01,jarious-jackson-1,1391.0,,,,0.0,,,Jarious Jackson,jarious jackson,QB,FA,1977-05-03,44.0,2000.0,7.0,8.0,214.0,,72.0,225.0,Notre Dame,2025,Jarious Jackson,Jarious Jackson_<NA>,
8984,5876,,,,,,,,,,,FulcMo20,mondriel-fulcher-1,1510.0,,,,0.0,,,Mondriel Fulcher,mondriel fulcher,TE,FA,1976-10-15,44.6,2000.0,7.0,21.0,227.0,,75.0,240.0,Miami (Fla.),2025,Mondriel Fulcher,Mondriel Fulcher_<NA>,
8997,5891,,,,,,,,,,,StitSh00,shyrone-stith-1,1359.0,,,,0.0,,,Shyrone Stith,shyrone stith,RB,FA,,,2000.0,7.0,37.0,243.0,,68.0,210.0,Virginia Tech,2025,Shyrone Stith,Shyrone Stith_<NA>,
9000,5894,,,,,,,,,,,,,1621.0,,,,0.0,,,Leroy Fields,leroy fields,WR,FA,,,2000.0,7.0,40.0,,,74.0,215.0,Jackson State,2025,Leroy Fields,Leroy Fields_<NA>,
9025,3876,,,,,,,,,,,McNoCa00,cade-mcnown-1,,,,,0.0,,,Cade McNown,cade mcnown,QB,FA,1977-01-12,44.3,1999.0,1.0,12.0,12.0,,,210.0,UCLA,2025,Cade McNown,Cade McNown_<NA>,
9044,3903,,,,,,,,,,,JohnJ.00,james-johnson-8,,,,,0.0,,,J.J. Johnson,jj johnson,RB,FA,1974-04-20,47.0,1999.0,2.0,8.0,39.0,,73.0,225.0,Mississippi State,2025,J.J. Johnson,J.J. Johnson_<NA>,
9054,3913,,,,,,,,,,,MontJo00,joe-montgomery-1,1201.0,,,,0.0,,,Joe Montgomery,joe montgomery,RB,FA,1976-06-08,44.9,1999.0,2.0,18.0,49.0,,71.0,215.0,Ohio State,2025,Joe Montgomery,Joe Montgomery_<NA>,
9059,3918,,,,,,,,,,133251.0,ClouMi00,mike-cloud-1,1200.0,,,,0.0,,,Mike Cloud,mike cloud,RB,FA,1975-07-01,45.9,1999.0,2.0,23.0,54.0,,,200.0,Boston College,2025,Mike Cloud,Mike Cloud_<NA>,
9071,3935,,,,,,,,,,,BateDW00,dwayne-bates-1,1189.0,,,,0.0,,,D'wayne Bates,dwayne bates,WR,FA,1975-12-04,45.4,1999.0,3.0,10.0,71.0,,74.0,210.0,Northwestern,2025,Dwayne Bates,Dwayne Bates_<NA>,
9090,3957,,,,,,,,,,,McGrTr00,travis-mcgriff-1,1192.0,,,,0.0,,,Travis McGriff,travis mcgriff,WR,FA,1976-06-24,44.9,1999.0,3.0,32.0,93.0,,68.0,180.0,Florida,2025,Travis McGriff,Travis McGriff_<NA>,
9094,3962,,,,,,,,,,,YeasCr00,craig-yeast-1,,,,,0.0,,,Craig Yeast,craig yeast,WR,FA,1976-11-20,44.5,1999.0,4.0,3.0,98.0,,68.0,165.0,Kentucky,2025,Craig Yeast,Craig Yeast_<NA>,
9097,3965,,,,,,,,,,,GermJo00,joe-germaine-1,1245.0,,,,0.0,,,Joe Germaine,joe germaine,QB,FA,1975-08-11,45.7,1999.0,4.0,6.0,101.0,,73.0,200.0,Ohio State,2025,Joe Germaine,Joe Germaine_<NA>,
9098,3966,,,,,,,,,,,DougDa00,dameane-douglas-1,1524.0,,,,0.0,,,Dameane Douglas,dameane douglas,WR,FA,1976-03-15,45.1,1999.0,4.0,7.0,102.0,,72.0,190.0,California,2025,Dameane Douglas,Dameane Douglas_<NA>,
9113,3982,,,,,,,,,,,McGaWa00,wane-mcgarity-1,1208.0,,,,0.0,,,Wane McGarity,wane mcgarity,WR,FA,1976-09-30,44.6,1999.0,4.0,23.0,118.0,,69.0,190.0,Texas,2025,Wane McGarity,Wane McGarity_<NA>,
9120,3991,,,,,,,,,,,GaryOl00,olandis-gary-1,1261.0,1832.0,,,0.0,,,Olandis Gary,olandis gary,RB,FA,1975-05-18,46.0,1999.0,4.0,32.0,127.0,,71.0,215.0,Georgia,2025,Olandis Gary,Olandis Gary_<NA>,
9142,4023,,,,,,,,,,,ParkDe00,demond-parker-1,1242.0,,,,0.0,,,De'mond Parker,demond parker,RB,FA,1976-12-24,44.4,1999.0,5.0,26.0,159.0,,71.0,190.0,Oklahoma,2025,Demond Parker,Demond Parker_<NA>,
9147,4032,,,,,,,,,,,,,,,,,0.0,,,Billy Joe Hobert,billy joe hobert,QB,IND,1976-11-30,44.4,1999.0,5.0,35.0,,,74.0,320.0,Arizona,2025,Billy Joe Hobert,Billy Joe Hobert_<NA>,
9166,4057,,,,,,,,,,,JenkMa00,,1416.0,,,,0.0,,,Martay Jenkins,martay jenkins,WR,FA,1975-02-28,46.2,1999.0,6.0,24.0,193.0,,71.0,195.0,,2025,Martay Jenkins,Martay Jenkins_<NA>,
9168,4059,,,,,,,,,,,,,,,,,0.0,,,Lamarr Glenn,lamarr glenn,RB,FA,1975-12-11,45.4,1999.0,6.0,26.0,,,72.0,255.0,Florida State,2025,Lamarr Glenn,Lamarr Glenn_<NA>,
9169,4060,,,,,,,,,,,,,1178.0,,,,0.0,,,Dee Miller,dee miller,WR,FA,1975-12-04,45.4,1999.0,6.0,27.0,,,71.0,195.0,Ohio State,2025,Dee Miller,Dee Miller_<NA>,
9174,4068,,,,,,,,,,,PlumCh20,chad-plummer-1,,,,,0.0,,,Chad Plummer,chad plummer,WR,FA,1975-11-30,45.4,1999.0,6.0,35.0,204.0,,,215.0,Cincinnati,2025,Chad Plummer,Chad Plummer_<NA>,
9176,4070,,,,,,,,,,,McKiDe00,dennis-mckinley-1,,,,,0.0,,,Dennis McKinley,dennis mckinley,RB,FA,1976-11-03,44.5,1999.0,6.0,37.0,206.0,,73.0,235.0,Mississippi State,2025,Dennis McKinley,Dennis McKinley_<NA>,
9177,4071,,,,,,,,,,,HillMa20,madre-hill-1,1159.0,,,,0.0,,,Madre Hill,madre hill,RB,FA,1976-01-02,45.3,1999.0,7.0,1.0,207.0,,71.0,190.0,Arkansas,2025,Madre Hill,Madre Hill_<NA>,
9187,4085,,,,,,,,,,,,,1372.0,,,,0.0,,,Sulecio Sanford,sulecio sanford,WR,FA,1976-03-23,45.1,1999.0,7.0,15.0,,,70.0,190.0,Tennessee,2025,Sulecio Sanford,Sulecio Sanford_<NA>,
9193,4093,,,,,,,,,,,LuckMi00,mike-lucky-1,,,,,0.0,,,Mike Lucky,mike lucky,TE,FA,1975-11-23,45.5,1999.0,7.0,23.0,229.0,,78.0,265.0,Arizona,2025,Mike Lucky,Mike Lucky_<NA>,
9200,4104,,,,,,,,,,,McDoDa00,darnell-mcdonald-1,1273.0,,,,0.0,,,Darnell McDonald,darnell mcdonald,WR,FA,1976-05-26,45.0,1999.0,7.0,34.0,240.0,,74.0,195.0,Kansas State,2025,Darnell McDonald,Darnell McDonald_<NA>,
9217,5518,,,,,,,,,,,,,1434.0,,,,0.0,,,Damon Griffin,damon griffin,WR,FA,,,1999.0,,,,,,,,2025,Damon Griffin,Damon Griffin_<NA>,
9220,5608,,,,,,,,,,,,,,,,,0.0,,,Isaac Jones,isaac jones,WR,FA,1975-12-07,45.4,1999.0,,,,,72.0,190.0,Purdue,2025,Isaac Jones,Isaac Jones_<NA>,
9226,5984,,,,,,,,,,,,,1433.0,,,,0.0,,,Chris Eitzmann,chris eitzmann,TE,FA,1977-04-01,44.1,1999.0,,,,,,250.0,,2025,Chris Eitzmann,Chris Eitzmann_<NA>,
9227,5987,,,,,,,,,,,,,1527.0,,,,0.0,,,Bashir Yamini,bashir yamini,WR,FA,1977-09-10,43.7,1999.0,,,,,75.0,194.0,,2025,Bashir Yamini,Bashir Yamini_<NA>,
9246,3306,,,,,,,,,,,EdwaRo00,robert-edwards-1,908.0,1270.0,,,0.0,,,Robert Edwards,robert edwards,RB,FA,1974-10-02,46.6,1998.0,1.0,18.0,18.0,,,218.0,Georgia,2025,Robert Edwards,Robert Edwards_<NA>,
9262,3323,,,,,,,,,,,,,975.0,,,,0.0,,,Cameron Cleeland,cameron cleeland,TE,FA,1975-04-15,46.1,1998.0,2.0,10.0,,,,272.0,Washington,2025,Cameron Cleeland,Cameron Cleeland_<NA>,
9271,3332,,,,,,,,,,,CrowGe00,germane-crowell-1,,,,,0.0,,,Germane Crowell,germane crowell,WR,FA,1976-09-13,44.6,1998.0,2.0,20.0,50.0,,75.0,213.0,Virginia,2025,Germane Crowell,Germane Crowell_<NA>,
9274,3335,,,,,,,,,,,RutlRo00,rod-rutledge-1,997.0,,,,0.0,,,Rod Rutledge,rod rutledge,TE,FA,1975-08-12,45.7,1998.0,2.0,24.0,54.0,,77.0,262.0,Alabama,2025,Rod Rutledge,Rod Rutledge_<NA>,
9284,3346,,,,,,,,,,,HickSk00,skip-hicks-1,990.0,,,,0.0,,,Skip Hicks,skip hicks,RB,FA,1974-10-13,46.6,1998.0,3.0,8.0,69.0,,72.0,230.0,UCLA,2025,Skip Hicks,Skip Hicks_<NA>,
9286,3348,,,,,,,,,,,GreeE.00,eg-green-1,955.0,,,,0.0,,,E.G. Green,eg green,WR,FA,1975-06-28,45.9,1998.0,3.0,10.0,71.0,,71.0,187.0,Florida State,2025,E.G. Green,E.G. Green_<NA>,
9288,3351,,,,,,,,,,,GermJa00,jammi-german-1,,,,,0.0,,,Jammi German,jammi german,WR,FA,1974-07-04,46.8,1998.0,3.0,13.0,74.0,,73.0,187.0,Miami (Fla.),2025,Jammi German,Jammi German_<NA>,
9294,3357,,,,,,,,,,,FloyCh00,chris-floyd-1,,,,,0.0,,,Chris Floyd,chris floyd,RB,FA,1975-06-23,45.9,1998.0,3.0,20.0,81.0,,72.0,231.0,Michigan,2025,Chris Floyd,Chris Floyd_<NA>,
9295,3358,,,,,,,,,,,ShanLa20,larry-shannon-1,1248.0,,,,0.0,,,Larry Shannon,larry shannon,WR,FA,1975-02-02,46.3,1998.0,3.0,21.0,82.0,,76.0,210.0,East Carolina,2025,Larry Shannon,Larry Shannon_<NA>,
9301,3364,,,,,,,,,,,ShehRa00,rashaan-shehee-1,963.0,,,,0.0,,,Rashaan Shehee,rashaan shehee,RB,FA,1975-06-20,45.9,1998.0,3.0,27.0,88.0,,70.0,207.0,Washington,2025,Rashaan Shehee,Rashaan Shehee_<NA>,
9313,3379,,,,,,,,,,,HayeDo00,donald-hayes-1,1015.0,,,,0.0,,,Donald Hayes,donald hayes,WR,FA,1975-07-13,45.8,1998.0,4.0,14.0,106.0,,,208.0,Wisconsin,2025,Donald Hayes,Donald Hayes_<NA>,
9323,3393,,,,,,,,,,,,,943.0,,,,0.0,,,Curtis Alexander,curtis alexander,RB,FA,1974-06-11,46.9,1998.0,4.0,30.0,,,72.0,204.0,Alabama,2025,Curtis Alexander,Curtis Alexander_<NA>,
9328,3402,,,,,,,,,,,LintJo00,jonathan-linton-1,,,,,0.0,,,Jonathan Linton,jonathan linton,RB,FA,1974-10-07,46.6,1998.0,5.0,8.0,131.0,,72.0,248.0,North Carolina,2025,Jonathan Linton,Jonathan Linton_<NA>,
9329,3403,,,,,,,,,,,PerrWi00,,1109.0,,,,0.0,,,Wilmont Perry,wilmont perry,RB,FA,1975-02-24,46.2,1998.0,5.0,9.0,132.0,,73.0,230.0,,2025,Wilmont Perry,Wilmont Perry_<NA>,
9342,3421,,,,,,,,,,,ColeFr00,fred-coleman-1,1813.0,,,,0.0,,,Fred Coleman,fred coleman,WR,FA,1975-01-31,46.3,1998.0,6.0,7.0,160.0,,73.0,190.0,Washington,2025,Fred Coleman,Fred Coleman_<NA>,
9347,3427,,,,,,,,,,,TuckJa00,jason-tucker-1,1283.0,,,,0.0,,,Jason Tucker,jason tucker,WR,FA,1976-06-24,44.9,1998.0,6.0,14.0,167.0,,73.0,182.0,TCU,2025,Jason Tucker,Jason Tucker_<NA>,
9349,3432,,,,,,,,,,,BrazCh00,,,,,,0.0,,,Chris Brazzell,chris brazzell,WR,FA,1976-05-22,45.0,1998.0,6.0,21.0,174.0,,74.0,182.0,,2025,Chris Brazzell,Chris Brazzell_<NA>,
9351,3434,,,,,,,,,,,ShawHa00,harold-shaw-1,1003.0,,,,0.0,,,Harold Shaw,harold shaw,RB,FA,1974-09-03,46.7,1998.0,6.0,23.0,176.0,,72.0,228.0,Southern Mississippi,2025,Harold Shaw,Harold Shaw_<NA>,
9356,3440,,,,,,,,,,,McLeKe00,kevin-mcleod-1,,,,,0.0,,,Kevin McLeod,kevin mcleod,RB,FA,1974-10-17,46.6,1998.0,6.0,29.0,182.0,,73.0,237.0,Auburn,2025,Kevin McLeod,Kevin McLeod_<NA>,
9363,3451,,,,,,,,,,,HartLa20,,1630.0,,,,0.0,,,Lawrence Hart,lawrence hart,TE,FA,1976-09-19,44.6,1998.0,7.0,6.0,195.0,,76.0,261.0,Southern,2025,Lawrence Hart,Lawrence Hart_<NA>,
9365,3456,,,,,,,,,,,McCuAn00,andy-mccullough-1,1182.0,,,,0.0,,,Andy McCullough,andy mccullough,WR,FA,1975-11-11,45.5,1998.0,7.0,15.0,204.0,,75.0,210.0,Tennessee,2025,Andy McCullough,Andy McCullough_<NA>,
9370,3465,,,,,,,,,,,,,951.0,,,,0.0,,,Edwin Watson,edwin watson,RB,FA,1976-09-29,44.6,1998.0,7.0,29.0,,,,229.0,Purdue,2025,Edwin Watson,Edwin Watson_<NA>,
9375,3474,,,,,,,,,,,,,,,,,0.0,,,Jim Turner,jim turner,WR,FA,1975-11-13,45.5,1998.0,7.0,39.0,,,76.0,212.0,Syracuse,2025,Jim Turner,Jim Turner_<NA>,
9376,3477,,,,,,,,,,,MoreMo00,moses-moreno-1,932.0,,,,0.0,,,Moses Moreno,moses moreno,QB,FA,1975-09-05,45.7,1998.0,7.0,43.0,232.0,,73.0,195.0,Colorado State,2025,Moses Moreno,Moses Moreno_<NA>,
9377,3480,,,,,,,,,,,,,,,,,0.0,,,E.g. Green,eg green,WR,IND,1975-07-25,45.8,1998.0,7.0,46.0,,,76.0,284.0,Arkansas,2025,E.g. Green,E.g. Green_<NA>,
9378,3483,,,,,,,,,,,LoudKa00,,,,,,0.0,,,Kamil Loud,kamil loud,WR,FA,1976-06-25,44.9,1998.0,7.0,49.0,238.0,,72.0,190.0,Cal Poly S.L.O.,2025,Kamil Loud,Kamil Loud_<NA>,
9388,3726,,,,,,,,,,,,,,,,,0.0,,,Ronnie Harmon,ronnie harmon,RB,FA,,,1998.0,6.0,18.0,,,,,Northwestern,2025,Ronnie Harmon,Ronnie Harmon_<NA>,
9392,4812,,,,,,,,,,1226214.0,,,5504.0,,,,0.0,,,Chris Jackson,chris jackson,WR,FA,1975-02-26,46.2,1998.0,,,,,74.0,205.0,,2025,Chris Jackson,Chris Jackson_<NA>,
9406,2920,,,,,,,,,,,GreeYa00,yatil-green-1,,,,,0.0,,,Yatil Green,yatil green,WR,FA,1973-11-25,47.4,1997.0,1.0,15.0,15.0,,74.0,200.0,Miami (Fla.),2025,Yatil Green,Yatil Green_<NA>,
9412,2926,,,,,,,,,,,LaFlDa00,david-lafleur-1,,,,,0.0,,,David Lafleur,david lafleur,TE,FA,1974-01-29,47.3,1997.0,1.0,22.0,22.0,,79.0,280.0,LSU,2025,David Lafleur,David Lafleur_<NA>,
9430,2947,,,,,,,,,,,KentJo00,joey-kent-1,,,,,0.0,,,Joey Kent,joey kent,WR,FA,1974-04-23,47.0,1997.0,2.0,16.0,46.0,,73.0,186.0,Tennessee,2025,Joey Kent,Joey Kent_<NA>,
9431,2948,,,,,,,,,,,LockKe00,kevin-lockett-1,722.0,,,,0.0,,,Kevin Lockett,kevin lockett,WR,FA,1974-09-08,46.7,1997.0,2.0,17.0,47.0,,72.0,177.0,Kansas State,2025,Kevin Lockett,Kevin Lockett_<NA>,
9443,2961,,,,,,,,,,,ShawSe00,sedrick-shaw-1,,,,,0.0,,,Sedrick Shaw,sedrick shaw,RB,FA,1973-11-16,47.5,1997.0,3.0,1.0,61.0,,72.0,214.0,Iowa,2025,Sedrick Shaw,Sedrick Shaw_<NA>,
9445,2963,,,,,,,,,,,GrahJa00,jay-graham-1,718.0,,,,0.0,,,Jay Graham,jay graham,RB,FA,1975-07-14,45.8,1997.0,3.0,4.0,64.0,,71.0,220.0,Tennessee,2025,Jay Graham,Jay Graham_<NA>,
9460,2979,,,,,,,,,,,WardDe00,,807.0,,,,0.0,,,Dedric Ward,dedric ward,WR,FA,1974-09-29,46.6,1997.0,3.0,28.0,88.0,,69.0,180.0,Northern Iowa,2025,Dedric Ward,Dedric Ward_<NA>,
9462,2981,,,,,,,,,,,conwabre01,,703.0,,,,0.0,,,Brett Conway,brett conway,PK,FA,1975-03-08,46.2,1997.0,3.0,30.0,90.0,,74.0,192.0,Penn State,2025,Brett Conway,Brett Conway_<NA>,
9466,2987,,,,,,,,,,,WuerDa00,danny-wuerffel-1,832.0,101.0,,,0.0,,,Danny Wuerffel,danny wuerffel,QB,FA,1974-05-27,46.9,1997.0,4.0,3.0,99.0,,,212.0,Florida,2025,Danny Wuerffel,Danny Wuerffel_<NA>,
9476,3000,,,,,,,,,,,ConnAl00,albert-connell-1,1090.0,,,,0.0,,,Albert Connell,albert connell,WR,FA,1974-05-13,47.0,1997.0,4.0,19.0,115.0,,72.0,179.0,Texas A&M,2025,Albert Connell,Albert Connell_<NA>,
9477,3001,,,,,,,,,,,PoolKe00,keith-poole-1,1084.0,,,,0.0,,,Keith Poole,keith poole,WR,FA,1974-06-18,46.9,1997.0,4.0,20.0,116.0,,72.0,188.0,Arizona State,2025,Keith Poole,Keith Poole_<NA>,
9482,3006,,,,,,,,,,,LeviCh20,,,,,,0.0,,,Chad Levitt,chad levitt,RB,FA,1975-11-21,45.5,1997.0,4.0,27.0,123.0,,73.0,233.0,Cornell,2025,Chad Levitt,Chad Levitt_<NA>,
9496,3030,,,,,,,,,,,,,,,,,0.0,,,Nathaniel Jacquet,nathaniel jacquet,WR,FA,1975-09-02,45.7,1997.0,5.0,20.0,,,72.0,173.0,San Diego State,2025,Nathaniel Jacquet,Nathaniel Jacquet_<NA>,
9503,3042,,,,,,,,,,,HenlJu00,june-henley-1,1058.0,,,,0.0,,,June Henley,june henley,RB,FA,1975-09-04,45.7,1997.0,5.0,33.0,163.0,,70.0,226.0,Kansas,2025,June Henley,June Henley_<NA>,
9507,3049,,,,,,,,,,,CherMi00,mike-cherry-1,753.0,,,,0.0,,,Mike Cherry,mike cherry,QB,FA,1973-12-15,47.4,1997.0,6.0,8.0,171.0,,75.0,225.0,Murray State,2025,Mike Cherry,Mike Cherry_<NA>,
9517,3067,,,,,,,,,,,GaitTo00,tony-gaiter-1,1086.0,,,,0.0,,,Tony Gaiter,tony gaiter,WR,FA,1974-07-15,46.8,1997.0,6.0,29.0,192.0,,68.0,170.0,Miami (Fla.),2025,Tony Gaiter,Tony Gaiter_<NA>,
9537,3108,,,,,,,,,,,HatcMa00,,966.0,,,,0.0,,,Matthew Hatchette,matthew hatchette,WR,FA,1974-05-01,47.0,1997.0,7.0,34.0,235.0,Hatch89,,195.0,,2025,Matthew Hatchette,Matthew Hatchette_<NA>,
9544,3204,,,,,,,,,,,,,,,,,0.0,,,Jeff George,jeff george,QB,WAS,1975-04-04,46.1,1997.0,,,,,73.0,210.0,Notre Dame,2025,Jeff George,Jeff George_<NA>,
9563,2637,,,,,,,,,,,PhilLa00,lawrence-phillips-1,636.0,,,,0.0,,,Lawrence Phillips,lawrence phillips,RB,FA,1975-05-12,46.0,1996.0,1.0,6.0,6.0,,,223.0,Nebraska,2025,Lawrence Phillips,Lawrence Phillips_<NA>,
9565,2639,,,,,,,,,,,BiakTi00,tshimanga-biakabutuka-1,107.0,,,,0.0,,,Tim Biakabutuka,tim biakabutuka,RB,FA,1974-01-24,47.3,1996.0,1.0,8.0,8.0,,72.0,210.0,Michigan,2025,Tim Biakabutuka,Tim Biakabutuka_<NA>,
9570,2644,,,,,,,,,,,GeorEd00,eddie-george-1,266.0,6.0,,,0.0,,,Eddie George,eddie george,RB,FA,1973-09-24,47.6,1996.0,1.0,14.0,14.0,EddieGeorge2727,75.0,238.0,Ohio State,2025,Eddie George,Eddie George_<NA>,
9578,2653,,,,,,,,,,,,,,,,,0.0,,,Alex Vandyke,alex vandyke,WR,FA,1974-07-24,46.8,1996.0,2.0,1.0,,,72.0,200.0,Nevada,2025,Alex Vandyke,Alex Vandyke_<NA>,
9586,2663,,,,,,,,,,,StilBr00,bryan-still-1,553.0,,,,0.0,,,Bryan Still,bryan still,WR,FA,1974-06-03,46.9,1996.0,2.0,11.0,41.0,,71.0,174.0,Virginia Tech,2025,Bryan Still,Bryan Still_<NA>,
9604,2684,,,,,,,,,,,McWiJo00,johnny-mcwilliams-1,14.0,,,,0.0,,,Johnny McWilliams,johnny mcwilliams,TE,FA,1972-12-14,48.4,1996.0,3.0,3.0,64.0,,76.0,271.0,Southern California,2025,Johnny McWilliams,Johnny McWilliams_<NA>,
9605,2685,,,,,,,,,,,SmitDe00,detron-smith-1,,,,,0.0,,,Detron Smith,detron smith,RB,FA,1974-02-25,47.2,1996.0,3.0,4.0,65.0,,69.0,230.0,Texas A&M,2025,Detron Smith,Detron Smith_<NA>,
9613,2698,,,,,,,,,,,SlutSc00,scott-slutzker-1,297.0,,,,0.0,,,Scott Slutzker,scott slutzker,TE,FA,1972-12-20,48.4,1996.0,3.0,21.0,82.0,,76.0,250.0,Iowa,2025,Scott Slutzker,Scott Slutzker_<NA>,
9614,2699,,,,,,,,,,,MoorJe00,jerald-moore-1,629.0,,,,0.0,,,Jerald Moore,jerald moore,RB,FA,1974-11-20,46.5,1996.0,3.0,22.0,83.0,,69.0,225.0,Oklahoma,2025,Jerald Moore,Jerald Moore_<NA>,
9616,2701,,,,,,,,,,,HoyiBo00,bobby-hoying-1,500.0,,,,0.0,,,Bobby Hoying,bobby hoying,QB,FA,1972-09-20,48.6,1996.0,3.0,24.0,85.0,,75.0,221.0,Ohio State,2025,Bobby Hoying,Bobby Hoying_<NA>,
9621,2707,,,,,,,,,,,WitmJo00,jon-witman-1,538.0,,,,0.0,,,Jon Witman,jon witman,RB,FA,1972-06-01,48.9,1996.0,3.0,31.0,92.0,,73.0,240.0,Penn State,2025,Jon Witman,Jon Witman_<NA>,
9623,2709,,,,,,,,,,,WillSt00,stepfret-williams-1,1727.0,,,,0.0,,,Stepfret Williams,stepfret williams,WR,FA,1973-06-14,47.9,1996.0,3.0,33.0,94.0,,72.0,170.0,Northeast Louisiana,2025,Stepfret Williams,Stepfret Williams_<NA>,
9626,2713,,,,,,,,,,,LewiJe01,,192.0,,,,0.0,,,Jeff Lewis,jeff lewis,QB,FA,1973-04-17,48.1,1996.0,4.0,5.0,100.0,,74.0,211.0,Northern Arizona,2025,Jeff Lewis,Jeff Lewis_<NA>,
9635,2726,,,,,,,,,,,MilnBr00,brian-milne-1,138.0,,,,0.0,,,Brian Milne,brian milne,RB,FA,1973-01-07,48.3,1996.0,4.0,20.0,115.0,,75.0,254.0,Penn State,2025,Brian Milne,Brian Milne_<NA>,
9658,2763,,,,,,,,,,,,,,,,,0.0,,,Iheani Uwaezuoke,iheani uwaezuoke,WR,FA,1973-07-24,47.8,1996.0,5.0,28.0,,,74.0,198.0,California,2025,Iheani Uwaezuoke,Iheani Uwaezuoke_<NA>,
9670,2790,,,,,,,,,,,,,,,,,0.0,,,Chad Fann,chad fann,TE,SFO,1972-11-09,48.5,1996.0,6.0,24.0,,,79.0,305.0,Penn State,2025,Chad Fann,Chad Fann_<NA>,
9677,2810,,,,,,,,,,,PurnLo00,lovett-purnell-1,,,,,0.0,,,Lovett Purnell,lovett purnell,TE,FA,1972-04-07,49.1,1996.0,7.0,7.0,216.0,,75.0,245.0,West Virginia,2025,Lovett Purnell,Lovett Purnell_<NA>,
9686,2838,,,,,,,,,,,,,,,,,0.0,,,Christian Fauria,christian fauria,TE,SEA,1973-02-01,48.3,1996.0,7.0,44.0,,,72.0,194.0,South Carolina St,2025,Christian Fauria,Christian Fauria_<NA>,
9693,3160,,,,,,,,,,,GoodHu00,,384.0,,,,0.0,,,Hunter Goodwin,hunter goodwin,TE,FA,1972-10-10,48.6,1996.0,4.0,2.0,97.0,,,273.0,Texas A&M,2025,Hunter Goodwin,Hunter Goodwin_<NA>,
9704,1754,,,,,,,,,,,CartKi00,ki-jana-carter-1,154.0,,,,0.0,,,Ki-jana Carter,ki-jana carter,RB,FA,1973-09-12,47.7,1995.0,1.0,1.0,1.0,,70.0,222.0,Penn State,2025,Ki-jana Carter,Ki-jana Carter_<NA>,
9709,1759,,,,,,,,,,,CaseSt00,stoney-case-1,,,,,0.0,,,Stoney Case,stoney case,QB,FA,1972-07-07,48.8,1995.0,3.0,16.0,80.0,,75.0,201.0,New Mexico,2025,Stoney Case,Stoney Case_<NA>,
9710,1760,,,,,,,,,,,ZeieEr00,eric-zeier-1,55.0,,,,0.0,,,Eric Zeier,eric zeier,QB,FA,1972-09-06,48.7,1995.0,3.0,20.0,84.0,,73.0,205.0,Georgia,2025,Eric Zeier,Eric Zeier_<NA>,
9712,1764,,,,,,,,,,,StenSt00,steve-stenstrom-1,,,,,0.0,,,Steve Stenstrom,steve stenstrom,QB,FA,1971-12-23,49.4,1995.0,4.0,36.0,134.0,,74.0,202.0,Stanford,2025,Steve Stenstrom,Steve Stenstrom_<NA>,
9713,1767,,,,,,,,,,,WhelCr00,craig-whelihan-1,,,,,0.0,,,Craig Whelihan,craig whelihan,QB,FA,1971-04-15,50.1,1995.0,6.0,26.0,197.0,,77.0,220.0,,2025,Craig Whelihan,Craig Whelihan_<NA>,
9714,1769,,,,,,,,,,,WheaTy00,tyrone-wheatley-1,452.0,,,,0.0,,,Tyrone Wheatley,tyrone wheatley,RB,FA,1972-01-19,49.3,1995.0,1.0,17.0,17.0,,72.0,230.0,Michigan,2025,Tyrone Wheatley,Tyrone Wheatley_<NA>,
9715,1770,,,,,,,,,,,KaufNa00,napoleon-kaufman-1,491.0,,,,0.0,,,Napoleon Kaufman,napoleon kaufman,RB,FA,1973-06-07,47.9,1995.0,1.0,18.0,18.0,napoleonkaufman,69.0,185.0,Washington,2025,Napoleon Kaufman,Napoleon Kaufman_<NA>,
9716,1772,,,,,,,,,,,StewJa00,james-stewart-3,,,,,0.0,,,James Stewart,james stewart,RB,FA,1971-12-27,49.4,1995.0,1.0,19.0,19.0,,73.0,224.0,Tennessee,2025,James Stewart,James Stewart_<NA>,
9717,1773,,,,,,,,,,,SalaRa00,rashaan-salaam-1,128.0,,,,0.0,,,Rashaan Salaam,rashaan salaam,RB,FA,1974-10-08,46.6,1995.0,1.0,21.0,21.0,,73.0,224.0,Colorado,2025,Rashaan Salaam,Rashaan Salaam_<NA>,
9718,1774,,,,,,,,,,,ZellRa00,ray-zellars-1,,,,,0.0,,,Ray Zellars,ray zellars,RB,FA,1973-03-25,48.1,1995.0,2.0,12.0,44.0,,71.0,233.0,Notre Dame,2025,Ray Zellars,Ray Zellars_<NA>,
9719,1775,,,,,,,,,,,WillSh00,sherman-williams-2,175.0,,,,0.0,,,Sherman Williams,sherman williams,RB,FA,1973-08-13,47.7,1995.0,2.0,14.0,46.0,,68.0,202.0,Alabama,2025,Sherman Williams,Sherman Williams_<NA>,
9720,1776,,,,,,,,,,,FletTe00,terrell-fletcher-1,568.0,,,,0.0,,,Terrell Fletcher,terrell fletcher,RB,FA,1973-09-14,47.6,1995.0,2.0,19.0,51.0,,68.0,196.0,Wisconsin,2025,Terrell Fletcher,Terrell Fletcher_<NA>,
9724,1781,,,,,,,,,,,ThomRo00,rodney-thomas-2,272.0,,,,0.0,,,Rodney Thomas,rodney thomas,RB,FA,1973-03-30,48.1,1995.0,3.0,25.0,89.0,,70.0,213.0,Texas A&M,2025,Rodney Thomas,Rodney Thomas_<NA>,
9726,1783,,,,,,,,,,,HaydAa00,aaron-hayden-1,548.0,,,,0.0,,,Aaron Hayden,aaron hayden,RB,FA,1973-04-13,48.1,1995.0,4.0,6.0,104.0,,72.0,216.0,Tennessee,2025,Aaron Hayden,Aaron Hayden_<NA>,
9730,1789,,,,,,,,,,,DaviTe00,terrell-davis-1,200.0,1949.0,,,0.0,,,Terrell Davis,terrell davis,RB,FA,1972-10-28,48.5,1995.0,6.0,25.0,196.0,Terrell_Davis,,210.0,Georgia,2025,Terrell Davis,Terrell Davis_<NA>,
9732,1793,,,,,,,,,,,HolmDa00,,69.0,,,,0.0,,,Darick Holmes,darick holmes,RB,FA,1971-07-01,49.9,1995.0,7.0,36.0,244.0,,72.0,226.0,Portland State,2025,Darick Holmes,Darick Holmes_<NA>,
9733,1794,,,,,,,,,,,WestMi00,michael-westbrook-1,683.0,,,,0.0,,,Michael Westbrook,michael westbrook,WR,FA,1972-07-07,48.8,1995.0,1.0,4.0,4.0,,75.0,220.0,Colorado,2025,Michael Westbrook,Michael Westbrook_<NA>,
9737,1799,,,,,,,,,,,SandCh00,chris-sanders-1,262.0,,,,0.0,,,Chris Sanders,chris sanders,WR,FA,1972-05-08,49.0,1995.0,3.0,3.0,67.0,,73.0,180.0,Ohio State,2025,Chris Sanders,Chris Sanders_<NA>,
9738,1800,,,,,,,,,,,,,,,,,0.0,,,Chris t. Jones,chris t jones,WR,FA,1971-08-07,49.8,1995.0,3.0,14.0,,,,209.0,Miami (Fla.),2025,Chris t. Jones,Chris t. Jones_<NA>,
9739,1801,,,,,,,,,,,VanoTa00,tamarick-vanover-1,343.0,,,,0.0,,,Tamarick Vanover,tamarick vanover,WR,FA,1974-02-25,47.2,1995.0,3.0,17.0,81.0,,71.0,218.0,Florida State,2025,Tamarick Vanover,Tamarick Vanover_<NA>,
9741,1803,,,,,,,,,,,DaviTy00,tyrone-davis-1,869.0,,,,0.0,,,Tyrone Davis,tyrone davis,TE,FA,1972-06-30,48.9,1995.0,4.0,9.0,107.0,,76.0,245.0,Virginia,2025,Tyrone Davis,Tyrone Davis_<NA>,
9751,1824,,,,,,,,,,,,,,,,,0.0,,,Cecil Collins,cecil collins,RB,FA,,,1995.0,7.0,38.0,,,,,,2025,Cecil Collins,Cecil Collins_<NA>,
9756,1830,,,,,,,,,,,SloaDa00,david-sloan-2,212.0,,,,0.0,,,David Sloan,david sloan,TE,FA,1972-06-08,48.9,1995.0,3.0,6.0,70.0,,78.0,254.0,New Mexico,2025,David Sloan,David Sloan_<NA>,
9757,1831,,,,,,,,,,,RoanMi00,mike-roan-1,270.0,,,,0.0,,,Michael Roan,michael roan,TE,FA,1972-08-29,48.7,1995.0,4.0,3.0,101.0,,75.0,242.0,Wisconsin,2025,Michael Roan,Michael Roan_<NA>,
9758,1833,,,,,,,,,,,MitcPe00,pete-mitchell-1,315.0,,,,0.0,,,Pete Mitchell,pete mitchell,TE,FA,1971-10-09,49.6,1995.0,4.0,24.0,122.0,,74.0,238.0,Boston College,2025,Pete Mitchell,Pete Mitchell_<NA>,
9760,1836,,,,,,,,,,,,,,,,,0.0,,,Leroy Collins,leroy collins,RB,FA,1971-08-20,49.7,1995.0,6.0,15.0,,,76.0,258.0,Navy,2025,Leroy Collins,Leroy Collins_<NA>,
9812,2196,,,,,,,,,,,,,,,,,0.0,,,Regiald Davis,regiald davis,TE,SDC,1972-06-10,48.9,1995.0,7.0,3.0,,,70.0,209.0,Miami (Fla.),2025,Regiald Davis,Regiald Davis_<NA>,
9813,2208,,,,,,,,,,,,,1991.0,,,,0.0,,,Stephen Davis,stephen davis,RB,WAS,1972-09-16,48.6,1995.0,7.0,10.0,,,76.0,245.0,Air Force,2025,Stephen Davis,Stephen Davis_<NA>,
9829,2844,,,,,,,,,,,,,696.0,,,,0.0,,,Brett Favre,brett favre,QB,GBP,1973-07-01,47.9,1995.0,,,,,74.0,221.0,Oklahoma,2025,Brett Favre,Brett Favre_<NA>,
9830,2876,,,,,,,,,,,,,705.0,,,,0.0,,,Jeff Brohm,jeff brohm,QB,FA,1971-04-24,50.0,1995.0,,,,,73.0,205.0,Louisville,2025,Jeff Brohm,Jeff Brohm_<NA>,
9850,1051,,,,,,,,,,,BennDo00,donnell-bennett-1,,,,,0.0,,,Donnell Bennett,donnell bennett,RB,FA,1972-09-14,48.6,1994.0,2.0,29.0,58.0,,72.0,232.0,Miami (Fla.),2025,Donnell Bennett,Donnell Bennett_<NA>,
9851,1059,,,,,,,,,,,BishHa00,harold-bishop-1,,,,,0.0,,,Harold Bishop,harold bishop,TE,FA,1970-04-08,51.1,1994.0,3.0,4.0,69.0,,76.0,250.0,LSU,2025,Harold Bishop,Harold Bishop_<NA>,
9859,1186,,,,,,,,,,,DownGa00,gary-downs-1,34.0,,,,0.0,,,Gary Downs,gary downs,RB,FA,1971-06-28,49.9,1994.0,3.0,30.0,95.0,,72.0,212.0,North Carolina State,2025,Gary Downs,Gary Downs_<NA>,
9862,1218,,,,,,,,,,,,,,,,,0.0,,,Mark Brunell,mark brunell,QB,JAC,1971-03-19,50.1,1994.0,3.0,22.0,,,73.0,207.0,Tennessee,2025,Mark Brunell,Mark Brunell_<NA>,
9863,1220,,,,,,,,,,,FloyWi00,william-floyd-1,614.0,,,,0.0,,,William Floyd,william floyd,RB,FA,1972-02-17,49.2,1994.0,1.0,28.0,28.0,,73.0,242.0,Florida State,2025,William Floyd,William Floyd_<NA>,
9864,1221,,,,,,,,,,,FoleGl00,glenn-foley-1,,,,,0.0,,,Glenn Foley,glenn foley,QB,FA,1970-10-10,50.6,1994.0,7.0,14.0,208.0,,74.0,205.0,Boston College,2025,Glenn Foley,Glenn Foley_<NA>,
9870,1305,,,,,,,,,,,HillGr00,greg-hill-4,330.0,,,,0.0,,,Greg Hill,greg hill,RB,FA,1972-02-23,49.2,1994.0,1.0,25.0,25.0,,71.0,207.0,Texas A&M,2025,Greg Hill,Greg Hill_<NA>,
9877,1414,,,,,,,,,,,LevyCh00,chuck-levy-1,,,,,0.0,,,Chuck Levy,chuck levy,RB,FA,1972-01-07,49.3,1994.0,2.0,9.0,38.0,,72.0,197.0,Arizona,2025,Chuck Levy,Chuck Levy_<NA>,
9878,1421,,,,,,,,,,,LewiTh00,thomas-lewis-1,,,,,0.0,,,Thomas Lewis,thomas lewis,WR,FA,1972-01-10,49.3,1994.0,1.0,24.0,24.0,,73.0,185.0,Indiana,2025,Thomas Lewis,Thomas Lewis_<NA>,
9880,1474,,,,,,,,,,,MickTe00,,,,,,0.0,,,Terry Mickens,terry mickens,WR,FA,1971-02-21,50.2,1994.0,5.0,15.0,146.0,,72.0,203.0,Florida A&M,2025,Terry Mickens,Terry Mickens_<NA>,
9886,1565,,,,,,,,,,,RhetEr00,errict-rhett-1,649.0,,,,0.0,,,Errict Rhett,errict rhett,RB,FA,1970-12-11,50.4,1994.0,2.0,5.0,34.0,,71.0,210.0,Florida,2025,Errict Rhett,Errict Rhett_<NA>,
9887,1597,,,,,,,,,,,SchrBi00,,864.0,,,,0.0,,,Bill Schroeder,bill schroeder,WR,FA,1971-01-09,50.3,1994.0,6.0,20.0,181.0,,74.0,200.0,,2025,Bill Schroeder,Bill Schroeder_<NA>,
9889,1626,,,,,,,,,,,SmitLa00,lamar-smith-2,778.0,,,,0.0,,,Lamar Smith,lamar smith,RB,FA,1970-11-29,50.4,1994.0,3.0,8.0,73.0,,71.0,230.0,Houston,2025,Lamar Smith,Lamar Smith_<NA>,
9890,1709,,,,,,,,,,,WarrLa00,lamont-warren-1,289.0,,,,0.0,,,Lamont Warren,lamont warren,RB,FA,1973-01-04,48.3,1994.0,6.0,3.0,164.0,,71.0,194.0,Colorado,2025,Lamont Warren,Lamont Warren_<NA>,
9973,1145,,,,,,,,,,,ConwCu00,curtis-conway-1,115.0,,,,0.0,,,Curtis Conway,curtis conway,WR,FA,1971-01-13,50.3,1993.0,1.0,7.0,7.0,,72.0,193.0,Southern California,2025,Curtis Conway,Curtis Conway_<NA>,
9974,1148,,,,,,,,,,,CopeHo00,horace-copeland-1,650.0,,,,0.0,,,Horace Copeland,horace copeland,WR,FA,1971-01-01,50.3,1993.0,4.0,20.0,104.0,,74.0,195.0,Miami (Fla.),2025,Horace Copeland,Horace Copeland_<NA>,
9978,1206,,,,,,,,,,,,,,,,,0.0,,,Isaac Bruce,isaac bruce,WR,STL,1970-08-10,50.7,1993.0,6.0,17.0,,,77.0,259.0,Miami (Fla.),2025,Isaac Bruce,Isaac Bruce_<NA>,
9979,1243,,,,,,,,,,,GednCh00,chris-gedney-1,,,,,0.0,,,Chris Gedney,chris gedney,TE,FA,1970-08-09,50.7,1993.0,3.0,5.0,61.0,,77.0,250.0,Syracuse,2025,Chris Gedney,Chris Gedney_<NA>,
9982,1270,,,,,,,,,,,,,876.0,,,,0.0,,,Eric Guliford,eric guliford,WR,FA,,,1993.0,,,,,68.0,165.0,Arizona State,2025,Eric Guliford,Eric Guliford_<NA>,
9984,1288,,,,,,,,,,,HastAn00,andre-hastings-1,846.0,,,,0.0,,,Andre Hastings,andre hastings,WR,FA,1970-11-07,50.5,1993.0,3.0,20.0,76.0,,72.0,190.0,Georgia,2025,Andre Hastings,Andre Hastings_<NA>,
9985,1294,,,,,,,,,,,HearGa00,garrison-hearst-1,600.0,,,,0.0,,,Garrison Hearst,garrison hearst,RB,FA,1971-01-04,50.3,1993.0,1.0,3.0,3.0,,71.0,215.0,Georgia,2025,Garrison Hearst,Garrison Hearst_<NA>,
9986,1314,,,,,,,,,,,HobeBi00,billy-joe-hobert-1,66.0,,,,0.0,,,Billy joe Hobert,billy joe hobert,QB,FA,1971-01-08,50.3,1993.0,3.0,2.0,58.0,,75.0,230.0,Washington,2025,Billy joe Hobert,Billy joe Hobert_<NA>,
9989,1389,,,,,,,,,,,KirbTe00,terry-kirby-1,612.0,,,,0.0,,,Terry Kirby,terry kirby,RB,FA,1970-01-20,51.3,1993.0,3.0,22.0,78.0,,73.0,219.0,Virginia,2025,Terry Kirby,Terry Kirby_<NA>,
9990,1457,,,,,,,,,,,McDuO.00,oj-mcduffie-1,4.0,,,,0.0,,,O.J. McDuffie,oj mcduffie,WR,FA,,,1993.0,1.0,25.0,25.0,,70.0,185.0,Penn State,2025,O.J. McDuffie,O.J. McDuffie_<NA>,
9991,1459,,,,,,,,,,,McGeTo00,tony-mcgee-1,158.0,,,,0.0,,,Tony McGee,tony mcgee,TE,FA,1971-04-21,50.0,1993.0,2.0,8.0,37.0,,75.0,246.0,Michigan,2025,Tony McGee,Tony McGee_<NA>,
9992,1469,,,,,,,,,,,MeanNa00,natrone-means-1,314.0,,,,0.0,,,Natrone Means,natrone means,RB,FA,1972-04-26,49.0,1993.0,2.0,12.0,41.0,,70.0,245.0,North Carolina,2025,Natrone Means,Natrone Means_<NA>,
9993,1476,,,,,,,,,,,MilbGl00,glyn-milburn-1,,,,,0.0,,,Glyn Milburn,glyn milburn,RB,FA,1971-02-19,50.2,1993.0,2.0,14.0,43.0,,68.0,177.0,Stanford,2025,Glyn Milburn,Glyn Milburn_<NA>,
9994,1487,,,,,,,,,,,MireRi00,rick-mirer-1,129.0,,,,0.0,,,Rick Mirer,rick mirer,QB,FA,1970-03-03,51.2,1993.0,1.0,2.0,2.0,,,216.0,Notre Dame,2025,Rick Mirer,Rick Mirer_<NA>,
9995,1501,,,,,,,,,,,MoorRo01,,639.0,,,,0.0,,,Ronald Moore,ronald moore,RB,FA,1970-01-26,51.3,1993.0,4.0,3.0,87.0,,70.0,220.0,,2025,Ronald Moore,Ronald Moore_<NA>,
9998,1539,,,,,,,,,,,pelfrdou01,doug-pelfrey-1,143.0,,,,0.0,,,Doug Pelfrey,doug pelfrey,PK,FA,1970-09-25,50.6,1993.0,8.0,6.0,202.0,,71.0,185.0,Kentucky,2025,Doug Pelfrey,Doug Pelfrey_<NA>,
10000,1607,,,,,,,,,,,ShedKe00,,487.0,,,,0.0,,,Kenny Shedd,kenny shedd,WR,FA,1971-02-14,50.2,1993.0,5.0,17.0,129.0,,69.0,171.0,Northern Iowa,2025,Kenny Shedd,Kenny Shedd_<NA>,
10002,1628,,,,,,,,,,,SmitRo00,robert-smith-6,,,,,602110.0,,,Robert Smith,robert smith,RB,FA,1972-03-04,49.2,1993.0,1.0,21.0,21.0,,70.0,210.0,Ohio State,2025,Robert Smith,Robert Smith_<NA>,
10004,1658,,,,,,,,,,,ThomLa00,lamar-thomas-1,,,,,0.0,,,Lamar Thomas,lamar thomas,WR,FA,1970-02-12,51.2,1993.0,3.0,4.0,60.0,,73.0,170.0,Miami (Fla.),2025,Lamar Thomas,Lamar Thomas_<NA>,
10006,1715,,,,,,,,,,,,,131.0,,,,0.0,,,Ryan Wetnight,ryan wetnight,TE,FA,1970-11-05,50.5,1993.0,,,,,74.0,235.0,Stanford,2025,Ryan Wetnight,Ryan Wetnight_<NA>,
10008,1726,,,,,,,,,,,WillKe00,kevin-williams-4,,,,,0.0,,,Kevin Williams,kevin williams,WR,FA,1971-01-25,50.3,1993.0,2.0,17.0,46.0,,69.0,195.0,Miami (Fla.),2025,Kevin Williams,Kevin Williams_<NA>,
10009,1747,,,,,,,,,,,WychFr00,frank-wycheck-1,267.0,,,,0.0,,,Frank Wycheck,frank wycheck,TE,FA,1971-10-14,49.6,1993.0,6.0,20.0,160.0,,75.0,235.0,Maryland,2025,Frank Wycheck,Frank Wycheck_<NA>,
10010,1848,,,,,,,,,,,StabBr00,brian-stablein-1,,,,,0.0,,,Brian Stablein,brian stablein,WR,FA,1970-04-14,51.1,1993.0,8.0,14.0,210.0,,73.0,191.0,Ohio State,2025,Brian Stablein,Brian Stablein_<NA>,
10054,2484,,,,,,,,,,,,,,,,,0.0,,,Rueben Droughns,rueben droughns,RB,DET,1970-06-14,50.9,1993.0,,,,,71.0,178.0,Northern Iowa,2025,Rueben Droughns,Rueben Droughns_<NA>,
10069,2868,,,,,,,,,,,,,,,,,0.0,,,Jay Fiedler,jay fiedler,QB,MIA,1970-12-06,50.4,1993.0,,,,,74.0,219.0,Stanford,2025,Jay Fiedler,Jay Fiedler_<NA>,
10070,2900,,,,,,,,,,,,,,,,,0.0,,,Alex Vanpelt,alex vanpelt,QB,FA,1970-05-01,51.0,1993.0,8.0,20.0,,,72.0,220.0,Pittsburgh,2025,Alex Vanpelt,Alex Vanpelt_<NA>,
10089,1052,,,,,,,,,,,BennEd00,edgar-bennett-1,242.0,,,,0.0,,,Edgar Bennett,edgar bennett,RB,FA,,,1992.0,4.0,19.0,103.0,,72.0,216.0,Florida State,2025,Edgar Bennett,Edgar Bennett_<NA>,
10091,1083,,,,,,,,,,,BrooRo00,robert-brooks-1,253.0,,,,0.0,,,Robert Brooks,robert brooks,WR,FA,1970-06-23,50.9,1992.0,3.0,6.0,62.0,,72.0,174.0,South Carolina,2025,Robert Brooks,Robert Brooks_<NA>,
10098,1207,,,,,,,,,,,,,,,,,0.0,,,Chuck Evans,chuck evans,RB,FA,,,1992.0,11.0,15.0,,,73.0,226.0,,2025,Chuck Evans,Chuck Evans_<NA>,
10101,1254,,,,,,,,,,,GrahKe00,kent-graham-1,15.0,,,,0.0,,,Kent Graham,kent graham,QB,FA,,,1992.0,8.0,15.0,211.0,,77.0,220.0,Ohio State,2025,Kent Graham,Kent Graham_<NA>,
10103,1289,,,,,,,,,,,HawkCo00,courtney-hawkins-1,,,,,0.0,,,Courtney Hawkins,courtney hawkins,WR,FA,,,1992.0,2.0,16.0,44.0,,69.0,180.0,Michigan State,2025,Courtney Hawkins,Courtney Hawkins_<NA>,
10106,1407,,,,,,,,,,,LeexAm00,amp-lee-1,867.0,,,,0.0,,,Amp Lee,amp lee,RB,FA,1971-10-01,49.6,1992.0,2.0,17.0,45.0,,71.0,200.0,Florida State,2025,Amp Lee,Amp Lee_<NA>,
10107,1412,,,,,,,,,,,LestTi00,,546.0,,,,0.0,,,Tim Lester,tim lester,RB,FA,,,1992.0,10.0,3.0,255.0,,70.0,238.0,Eastern Kentucky,2025,Tim Lester,Tim Lester_<NA>,
10109,1440,,,,,,,,,,,,,,,,,0.0,,,John Carney,john carney,PK,FA,,,1992.0,,,,,71.0,174.0,Georgia,2025,John Carney,John Carney_<NA>,
10110,1490,,,,,,,,,,,MitcJo00,johnny-mitchell-2,1203.0,,,,0.0,,,Johnny Mitchell,johnny mitchell,TE,FA,1971-01-20,50.3,1992.0,1.0,15.0,15.0,,75.0,237.0,Nebraska,2025,Johnny Mitchell,Johnny Mitchell_<NA>,
10112,1546,,,,,,,,,,,PickCa00,carl-pickens-1,,,,,0.0,,,Carl Pickens,carl pickens,WR,FA,1970-03-23,51.1,1992.0,2.0,3.0,31.0,,74.0,206.0,Tennessee,2025,Carl Pickens,Carl Pickens_<NA>,
10113,1547,,,,,,,,,,,PierAa00,aaron-pierce-1,,,,,0.0,,,Aaron Pierce,aaron pierce,TE,FA,,,1992.0,3.0,13.0,69.0,,77.0,246.0,Washington,2025,Aaron Pierce,Aaron Pierce_<NA>,
10114,1619,,,,,,,,,,,SmalTo00,,767.0,,,,0.0,,,Torrance Small,torrance small,WR,FA,1970-09-06,50.7,1992.0,5.0,26.0,138.0,,,201.0,Alcorn State,2025,Torrance Small,Torrance Small_<NA>,
10118,1712,,,,,,,,,,,WeldCa00,casey-weldon-1,737.0,,,,0.0,,,Casey Weldon,casey weldon,QB,FA,,,1992.0,4.0,18.0,102.0,,,206.0,Florida State,2025,Casey Weldon,Casey Weldon_<NA>,
10119,1855,,,,,,,,,,,WalsCh00,chris-walsh-1,375.0,,,,0.0,,,Chris Walsh,chris walsh,WR,FA,,,1992.0,9.0,27.0,251.0,,73.0,185.0,Stanford,2025,Chris Walsh,Chris Walsh_<NA>,
10197,4429,,,,,,,,,,,,,,,,,0.0,,,MarTay Jenkins,martay jenkins,WR,ARI,,,1992.0,9.0,24.0,,,,,,2025,MarTay Jenkins,MarTay Jenkins_<NA>,
10211,1136,,,,,,,,,,,CoatBe00,,,,,,0.0,,,Ben Coates,ben coates,TE,FA,,,1991.0,5.0,13.0,124.0,,76.0,245.0,,2025,Ben Coates,Ben Coates_<NA>,
10212,1154,,,,,,,,,,,CravAa00,aaron-craver-1,549.0,,,,0.0,,,Aaron Craver,aaron craver,RB,FA,,,1991.0,3.0,5.0,60.0,,72.0,220.0,Fresno State,2025,Aaron Craver,Aaron Craver_<NA>,
10216,1250,,,,,,,,,,,GlovAn00,,,,,,0.0,,,Andrew Glover,andrew glover,TE,FA,,,1991.0,10.0,24.0,274.0,,78.0,245.0,Grambling,2025,Andrew Glover,Andrew Glover_<NA>,
10217,1253,,,,,,,,,,,GrahJe00,jeff-graham-2,457.0,,,,0.0,,,Jeff Graham,jeff graham,WR,FA,,,1991.0,2.0,19.0,46.0,,74.0,196.0,Ohio State,2025,Jeff Graham,Jeff Graham_<NA>,
10218,1268,,,,,,,,,,,GrifHo00,howard-griffith-1,189.0,,,,0.0,,,Howard Griffith,howard griffith,RB,FA,,,1991.0,9.0,13.0,236.0,,72.0,226.0,Illinois,2025,Howard Griffith,Howard Griffith_<NA>,
10221,1318,,,,,,,,,,,HollDo00,donald-hollas-1,477.0,,,,0.0,,,Donald Hollas,donald hollas,QB,FA,,,1991.0,4.0,16.0,99.0,,75.0,215.0,Rice,2025,Donald Hollas,Donald Hollas_<NA>,
10229,1453,,,,,,,,,,,McCaEd00,ed-mccaffrey-1,188.0,1932.0,,,0.0,,,Ed McCaffrey,ed mccaffrey,WR,FA,,,1991.0,3.0,28.0,83.0,87ed,77.0,215.0,Stanford,2025,Ed McCaffrey,Ed McCaffrey_<NA>,
10232,1484,,,,,,,,,,,MillEr00,ernie-mills-1,96.0,,,,0.0,,,Ernie Mills,ernie mills,WR,FA,,,1991.0,3.0,18.0,73.0,,71.0,192.0,Florida,2025,Ernie Mills,Ernie Mills_<NA>,
10233,1499,,,,,,,,,,,MoorHe00,herman-moore-1,,,,,0.0,,,Herman Moore,herman moore,WR,FA,,,1991.0,1.0,10.0,10.0,,,210.0,Virginia,2025,Herman Moore,Herman Moore_<NA>,
10235,1548,,,,,,,,,,,PopsTe00,,,,,,0.0,,,Ted Popson,ted popson,TE,FA,,,1991.0,11.0,28.0,306.0,,76.0,250.0,Portland State,2025,Ted Popson,Ted Popson_<NA>,
10236,1551,,,,,,,,,,,PritMi00,mike-pritchard-1,584.0,,,,0.0,,,Mike Pritchard,mike pritchard,WR,FA,,,1991.0,1.0,13.0,13.0,,70.0,190.0,Colorado,2025,Mike Pritchard,Mike Pritchard_<NA>,
10239,1654,,,,,,,,,,,ThigYa00,,547.0,,,,0.0,,,Yancey Thigpen,yancey thigpen,WR,FA,,,1991.0,4.0,7.0,90.0,,73.0,208.0,,2025,Yancey Thigpen,Yancey Thigpen_<NA>,
10240,1692,,,,,,,,,,,,,,,,,0.0,,,Wayne Chrebet,wayne chrebet,WR,NYJ,1970-03-12,51.2,1991.0,5.0,1.0,,,69.0,203.0,Michigan,2025,Wayne Chrebet,Wayne Chrebet_<NA>,
10241,1697,,,,,,,,,,,WainFr00,,,,,,0.0,,,Frank Wainright,frank wainright,TE,FA,,,1991.0,8.0,15.0,210.0,,75.0,250.0,,2025,Frank Wainright,Frank Wainright_<NA>,
10242,1711,,,,,,,,,,,WattRi00,ricky-watters-1,,,,,0.0,,,Ricky Watters,ricky watters,RB,FA,,,1991.0,2.0,18.0,45.0,,73.0,212.0,Notre Dame,2025,Ricky Watters,Ricky Watters_<NA>,
10243,1723,,,,,,,,,,,WillHa00,harvey-williams-1,479.0,,,,0.0,,,Harvey Williams,harvey williams,RB,FA,,,1991.0,1.0,21.0,21.0,,,225.0,LSU,2025,Harvey Williams,Harvey Williams_<NA>,
10245,1753,,,,,,,,,,,ZolaSc00,scott-zolak-1,,,,,0.0,,,Scott Zolak,scott zolak,QB,FA,,,1991.0,4.0,1.0,84.0,,77.0,222.0,Maryland,2025,Scott Zolak,Scott Zolak_<NA>,
10246,1870,,,,,,,,,,,JustPa00,paul-justin-1,755.0,,,,0.0,,,Paul Justin,paul justin,QB,FA,,,1991.0,7.0,23.0,190.0,,76.0,202.0,Arizona State,2025,Paul Justin,Paul Justin_<NA>,
10275,2456,,,,,,,,,,,,,,,,,0.0,,,Kevin Drake,kevin drake,WR,FA,,,1991.0,6.0,13.0,,,77.0,298.0,Illinois,2025,Kevin Drake,Kevin Drake_<NA>,
10288,4506,,,,,,,,,,,,,,,,,0.0,,,Brad Johnson,brad johnson,QB,TBB,,,1991.0,2.0,13.0,,,,,Miami (Fla.),2025,Brad Johnson,Brad Johnson_<NA>,
10294,4530,,,,,,,,,,,,,,,,,0.0,,,J.j. Johnson,jj johnson,RB,MIA,,,1991.0,5.0,16.0,,,,,Arizona State,2025,J.j. Johnson,J.j. Johnson_<NA>,
10298,4560,,,,,,,,,,,,,,,,,0.0,,,Keyshawn Johnson,keyshawn johnson,WR,TBB,,,1991.0,7.0,8.0,,,,,,2025,Keyshawn Johnson,Keyshawn Johnson_<NA>,
10306,4602,,,,,,,,,,,,,,,,,0.0,,,Pat Johnson,pat johnson,WR,BAL,,,1991.0,9.0,15.0,,,,,Virginia,2025,Pat Johnson,Pat Johnson_<NA>,
10315,4650,,,,,,,,,,,,,,,,,0.0,,,Chris T Jones,chris t jones,WR,FA,,,1991.0,11.0,16.0,,,,,Richmond,2025,Chris T Jones,Chris T Jones_<NA>,
10326,1123,,,,,,,,,,,CentLa00,,,,,,0.0,,,Larry Centers,larry centers,RB,FA,,,1990.0,5.0,6.0,115.0,,72.0,225.0,Stephen F. Austin,2025,Larry Centers,Larry Centers_<NA>,
10327,1128,,,,,,,,,,1378.0,,,84.0,637.0,,,0.0,,,Steve Christie,steve christie,PK,FA,,,1990.0,,,,,72.0,185.0,William & Mary,2025,Steve Christie,Steve Christie_<NA>,
10328,1212,,,,,,,,,,,,,,,,,0.0,,,Mark Bruener,mark bruener,TE,PIT,,,1990.0,,,,,70.0,192.0,UCLA,2025,Mark Bruener,Mark Bruener_<NA>,
10329,1226,,,,,,,,,,,FrieJo00,,582.0,,,,0.0,,,John Friesz,john friesz,QB,FA,,,1990.0,6.0,1.0,138.0,,76.0,218.0,Idaho,2025,John Friesz,John Friesz_<NA>,
10331,1259,,,,,,,,,,,GreeEr00,,791.0,,,,0.0,,,Eric Green,eric green,TE,FA,,,1990.0,1.0,21.0,21.0,,77.0,280.0,Liberty,2025,Eric Green,Eric Green_<NA>,
10333,1266,,,,,,,,,,,GreeWi00,willie-green-2,205.0,,,,0.0,,,Willie Green,willie green,WR,FA,,,1990.0,8.0,1.0,194.0,,74.0,181.0,Mississippi,2025,Willie Green,Willie Green_<NA>,
10340,1464,,,,,,,,,,,,,,,,,0.0,,,Rae Carruth,rae carruth,WR,FA,,,1990.0,3.0,27.0,,,74.0,207.0,Michigan,2025,Rae Carruth,Rae Carruth_<NA>,
10341,1488,,,,,,,,,,,MitcBr00,,670.0,1013.0,,,0.0,,,Brian Mitchell,brian mitchell,RB,FA,,,1990.0,5.0,21.0,130.0,,70.0,203.0,SW Louisiana,2025,Brian Mitchell,Brian Mitchell_<NA>,
10342,1491,,,,,,,,,,,MitcSc00,scott-mitchell-2,,,,,0.0,,,Scott Mitchell,scott mitchell,QB,FA,,,1990.0,4.0,12.0,93.0,,78.0,230.0,Utah,2025,Scott Mitchell,Scott Mitchell_<NA>,
10347,1605,,,,,,,,,,,SharSh00,,744.0,54.0,,,0.0,,,Shannon Sharpe,shannon sharpe,TE,FA,,,1990.0,7.0,27.0,192.0,ShannonSharpe,,230.0,,2025,Shannon Sharpe,Shannon Sharpe_<NA>,
10348,1621,,,,,,,,,,,SmitEm00,emmitt-smith-1,,2100.0,,,0.0,,,Emmitt Smith,emmitt smith,RB,DAL,,,1990.0,1.0,17.0,17.0,EmmittSmith22,69.0,209.0,Florida,2025,Emmitt Smith,Emmitt Smith_<NA>,
10351,1699,,,,,,,,,,,WalkDe00,derrick-walker-2,327.0,,,,0.0,,,Derrick Walker,derrick walker,TE,FA,,,1990.0,6.0,26.0,163.0,,72.0,244.0,Michigan,2025,Derrick Walker,Derrick Walker_<NA>,
10385,6012,,,,,,,,,,,,,,,,,0.0,,,Eric Moulds,eric moulds,WR,BUF,,,1990.0,3.0,25.0,,,,,Oregon,2025,Eric Moulds,Eric Moulds_<NA>,
10386,6018,,,,,,,,,,,,,,,,,0.0,,,Muhsin Muhammad,muhsin muhammad,WR,CAR,,,1990.0,4.0,10.0,,,,,Notre Dame,2025,Muhsin Muhammad,Muhsin Muhammad_<NA>,
10395,6066,,,,,,,,,,,,,,,,,0.0,,,Lorenzo Neal,lorenzo neal,RB,FA,,,1990.0,7.0,20.0,,,,,Ohio State,2025,Lorenzo Neal,Lorenzo Neal_<NA>,
10396,6072,,,,,,,,,,,,,,,,,0.0,,,Joe Nedney,joe nedney,PK,TEN,,,1990.0,8.0,4.0,,,,,Norfolk State,2025,Joe Nedney,Joe Nedney_<NA>,
10416,6174,,,,,,,,,,,,,,,,,0.0,,,Terrell Owens,terrell owens,WR,SFO,,,1990.0,12.0,22.0,,,,,Southern,2025,Terrell Owens,Terrell Owens_<NA>,
10420,1159,,,,,,,,,,,CrosHo00,howard-cross-1,446.0,,,,0.0,,,Howard Cross,howard cross,TE,FA,,,1989.0,6.0,19.0,158.0,,77.0,245.0,Alabama,2025,Howard Cross,Howard Cross_<NA>,
10426,1472,,,,,,,,,,,MetcEr00,eric-metcalf-1,,,,,0.0,,,Eric Metcalf,eric metcalf,WR,FA,,,1989.0,1.0,13.0,13.0,,70.0,188.0,Texas,2025,Eric Metcalf,Eric Metcalf_<NA>,
10427,1537,,,,,,,,,,,PeetRo00,rodney-peete-1,516.0,2372.0,,,0.0,,,Rodney Peete,rodney peete,QB,FA,,,1989.0,6.0,2.0,141.0,RodneyPeete9,72.0,207.0,Southern California,2025,Rodney Peete,Rodney Peete_<NA>,
10430,1592,,,,,,,,,,,SandBa00,barry-sanders-1,,,,,0.0,,,Barry Sanders,barry sanders,RB,FA,,,1989.0,1.0,3.0,3.0,BarrySanders,68.0,203.0,Oklahoma State,2025,Barry Sanders,Barry Sanders_<NA>,
10434,1676,,,,,,,,,,,TollBi00,billy-joe-tolliver-1,27.0,,,,0.0,,,Billy joe Tolliver,billy joe tolliver,QB,FA,,,1989.0,2.0,23.0,51.0,,73.0,218.0,Texas Tech,2025,Billy joe Tolliver,Billy joe Tolliver_<NA>,
10450,2286,,,,,,,,,,,,,,,,,0.0,,,Al Del Greco,al del greco,PK,FA,,,1989.0,6.0,12.0,,,78.0,285.0,Idaho,2025,Al Del Greco,Al Del Greco_<NA>,
10458,4301,,,,,,,,,,,,,1871.0,,,,0.0,,,Mike Barber,mike barber,WR,FA,,,1989.0,4.0,28.0,,,70.0,172.0,Marshall,2025,Mike Barber,Mike Barber_<NA>,
10470,6276,,,,,,,,,,,,,,,,,0.0,,,De'Mond Parker,demond parker,RB,GBP,,,1989.0,8.0,5.0,,,,,Missouri,2025,DeMond Parker,DeMond Parker_<NA>,
10485,1061,,,,,,,,,,,BladBr00,brian-blades-1,,,,,0.0,,,Brian Blades,brian blades,WR,FA,,,1988.0,2.0,,49.0,,71.0,189.0,Miami (Fla.),2025,Brian Blades,Brian Blades_<NA>,
10493,1387,,,,,,,,,,,KincBr00,brian-kinchen-1,50.0,,,,0.0,,,Brian Kinchen,brian kinchen,TE,FA,,,1988.0,12.0,,320.0,,,240.0,LSU,2025,Brian Kinchen,Brian Kinchen_<NA>,
10495,1587,,,,,,,,,,,,,637.0,,,,0.0,,,Mark Rypien,mark rypien,QB,FA,,,1988.0,6.0,,,,76.0,234.0,Washington State,2025,Mark Rypien,Mark Rypien_<NA>,
10496,1660,,,,,,,,,,,ThomTh00,thurman-thomas-1,,,,,0.0,,,Thurman Thomas,thurman thomas,RB,FA,,,1988.0,2.0,,40.0,thurmanthomas,70.0,198.0,Oklahoma State,2025,Thurman Thomas,Thurman Thomas_<NA>,
10525,1113,,,,,,,,,,,CarrMa00,,712.0,,,,0.0,,,Mark Carrier,mark carrier,WR,FA,,,1987.0,3.0,,57.0,,72.0,185.0,Nicholls State,2025,Mark Carrier,Mark Carrier_<NA>,
10526,1117,,,,,,,,,,,,,377.0,,,,0.0,,,Cris Carter,cris carter,WR,FA,,,1987.0,,,,,,198.0,Ohio State,2025,Cris Carter,Cris Carter_<NA>,
10527,1168,,,,,,,,,,,davisgre01,,381.0,,,,0.0,,,Greg Davis,greg davis,PK,FA,,,1987.0,9.0,,246.0,,,205.0,The Citadel,2025,Greg Davis,Greg Davis_<NA>,
10528,1234,,,,,,,,,,,GannRi00,,340.0,24.0,,,0.0,,,Rich Gannon,rich gannon,QB,FA,,,1987.0,4.0,,98.0,RichGannon12,,210.0,Delaware,2025,Rich Gannon,Rich Gannon_<NA>,
10534,1480,,,,,,,,,,,MillCh00,chris-miller-4,1156.0,,,,0.0,,,Chris Miller,chris miller,QB,FA,,,1987.0,1.0,13.0,13.0,,74.0,212.0,Oregon,2025,Chris Miller,Chris Miller_<NA>,
10535,1506,,,,,,,,,,,,,,,,,0.0,,,Ki-Jana Carter,ki-jana carter,RB,FA,,,1987.0,,,,,73.0,187.0,SMU,2025,Ki-Jana Carter,Ki-Jana Carter_<NA>,
10551,3696,,,,,,,,,,,,,,,,,0.0,,,Jason Hanson,jason hanson,PK,DET,,,1987.0,,,,,73.0,208.0,Mississippi,2025,Jason Hanson,Jason Hanson_<NA>,
10568,1618,,,,,,,,,,,SlauWe00,webster-slaughter-1,1020.0,,,,0.0,,,Webster Slaughter,webster slaughter,WR,FA,,,1986.0,2.0,,43.0,,73.0,175.0,San Diego State,2025,Webster Slaughter,Webster Slaughter_<NA>,
10603,3642,,,,,,,,,,,,,,,,,0.0,,,Ty Hallock,ty hallock,RB,CHI,,,1985.0,,,,,76.0,239.0,Southern California,2025,Ty Hallock,Ty Hallock_<NA>,
10606,5316,,,,,,,,,,,,,,,,,0.0,,,Curtis Martin,curtis martin,RB,NYJ,,,1985.0,,,,,,186.0,,2025,Curtis Martin,Curtis Martin_<NA>,
10609,5454,,,,,,,,,,,,,,,,,0.0,,,Andy Mccullough,andy mccullough,WR,ARI,,,1985.0,11.0,,,,74.0,285.0,Tennessee,2025,Andy Mccullough,Andy Mccullough_<NA>,
10632,1381,,,,,,,,,,,JunkTr20,trey-junkin-1,,,,,0.0,,,Trey Junkin,trey junkin,TE,FA,,,1983.0,4.0,,93.0,,74.0,258.0,Louisiana Tech,2025,Trey Junkin,Trey Junkin_<NA>,
10651,1737,,,,,,,,,,,WilsWa00,,178.0,,,,0.0,,,Wade Wilson,wade wilson,QB,FA,,,1981.0,8.0,,210.0,,75.0,206.0,,2025,Wade Wilson,Wade Wilson_<NA>,
10660,5286,,,,,,,,,,,,,,,,,0.0,,,Dan Marino,dan marino,QB,FA,,,1979.0,,,,,70.0,186.0,Washington,2025,Dan Marino,Dan Marino_<NA>,
10663,5376,,,,,,,,,,,,,,,,,0.0,,,Shane Matthews,shane matthews,QB,CHI,,,1979.0,,,,,73.0,189.0,South Carolina,2025,Shane Matthews,Shane Matthews_<NA>,
10664,5322,,,,,,,,,,,,,,,,,0.0,,,Jamie Martin,jamie martin,QB,JAC,,,1974.0,,,,,74.0,198.0,Youngstown St,2025,Jamie Martin,Jamie Martin_<NA>,
10669,174,,,,,,,,,,,,,,,,,0.0,,,Mike Alstott,mike alstott,RB,TBB,,,1970.0,,,,,,,,2025,Mike Alstott,Mike Alstott_<NA>,
10674,222,,,,,,,,,,,,,,,,,0.0,,,Richie Anderson,richie anderson,RB,NYJ,,,1970.0,,,,,,,,2025,Richie Anderson,Richie Anderson_<NA>,
10687,324,,,,,,,,,,,,,,,,,0.0,,,Robert Baker,robert baker,WR,MIA,,,1970.0,,,,Vikings,,,,2025,Robert Baker,Robert Baker_<NA>,
10700,432,,,,,,,,,,,,,,,,,0.0,,,Mike Bartrum,mike bartrum,TE,PHI,,,1970.0,,,,houstontexans,,,,2025,Mike Bartrum,Mike Bartrum_<NA>,
10703,468,,,,,,,,,,,,,,,,,0.0,,,Marco Battaglia,marco battaglia,TE,CIN,,,1970.0,,,,Eagles,,,,2025,Marco Battaglia,Marco Battaglia_<NA>,
10777,660,,,,,,,,,,513.0,,,,,,,0.0,,,Jerome Bettis,jerome bettis,RB,PIT,,,1970.0,,,,steelers,,,,2025,Jerome Bettis,Jerome Bettis_<NA>,
10779,672,,,,,,,,,,529.0,,,,,,,0.0,,,Tshimanga Biakabutuka,tshimanga biakabutuka,RB,CAR,,,1970.0,,,,detroitlionsnfl,,,,2025,Tshimanga Biakabutuka,Tshimanga Biakabutuka_<NA>,
10785,768,,,,,,,,,,,,,,,,,0.0,,,Michael Black,michael black,RB,FA,,,1970.0,,,,Eagles,,,,2025,Michael Black,Michael Black_<NA>,
10828,1158,,,,,,,,,,,,,503.0,,,,0.0,,,Troy Brown,troy brown,WR,NEP,1971-05-22,50.0,0.0,,,,,,212.0,Ball State,2025,Troy Brown,Troy Brown_<NA>,
10831,1177,,,,,,,,,,,,,,,,,0.0,,,Al Delgreco,al delgreco,PK,FA,,,0.0,,,,,70.0,202.0,Auburn,2025,Al Delgreco,Al Delgreco_<NA>,
10832,1198,,,,,,,,,,,,,1221.0,,,,0.0,,,Keith Elias,keith elias,RB,FA,1972-02-03,49.3,0.0,,,,,69.0,191.0,Princeton,2025,Keith Elias,Keith Elias_<NA>,
10862,1345,,,,,,,,,,,,,1516.0,,,,0.0,,,James Jenkins,james jenkins,TE,FA,,,0.0,,,,,74.0,241.0,Rutgers,2025,James Jenkins,James Jenkins_<NA>,
10867,1397,,,,,,,,,,,,,116.0,,,,0.0,,,Erik Kramer,erik kramer,QB,FA,,,0.0,,,,,73.0,199.0,North Carolina State,2025,Erik Kramer,Erik Kramer_<NA>,
10872,1471,,,,,,,,,,,,,174.0,,,,0.0,,,Richie Cunningham,richie cunningham,PK,JAC,1970-08-18,50.7,0.0,,,,,70.0,167.0,SW Louisiana,2025,Richie Cunningham,Richie Cunningham_<NA>,
10873,1496,,,,,,,,,,,,,,,,,0.0,,,Warren Moon,warren moon,QB,FA,,,0.0,,,,WMoon1,75.0,212.0,Washington,2025,Warren Moon,Warren Moon_<NA>,
10885,1639,,,,,,,,,,,,,,,,,0.0,,,Dwight Stone,dwight stone,RB,FA,,,0.0,,,,,72.0,180.0,Middle Tennessee Sta,2025,Dwight Stone,Dwight Stone_<NA>,
10886,1661,,,,,,,,,,,,,246.0,,,,0.0,,,Jeff Thomason,jeff thomason,TE,FA,,,0.0,,,,,,250.0,Oregon,2025,Jeff Thomason,Jeff Thomason_<NA>,
10887,1677,,,,,,,,,,,,,,,,,0.0,,,Mike Tomczak,mike tomczak,QB,FA,,,0.0,,,,,73.0,195.0,Ohio State,2025,Mike Tomczak,Mike Tomczak_<NA>,
10891,1704,,,,,,,,,,,,,,,,,0.0,,,Steve Walsh,steve walsh,QB,FA,,,0.0,,,,,75.0,204.0,Miami (Fla.),2025,Steve Walsh,Steve Walsh_<NA>,
10895,1841,,,,,,,,,,,,,681.0,,,,0.0,,,Leslie Shepherd,leslie shepherd,WR,FA,,,0.0,,,,,71.0,189.0,Temple,2025,Leslie Shepherd,Leslie Shepherd_<NA>,
10896,1842,,,,,,,,,,,,,313.0,992.0,,,0.0,,,Mike Hollis,mike hollis,PK,FA,1972-05-22,49.0,0.0,,,,ProFormKicking,67.0,178.0,Idaho,2025,Mike Hollis,Mike Hollis_<NA>,
10901,1858,1e436b1f-6706-45be-b1b6-ce2969df48fe,,00-0026515,5191.0,780.0,34722.0,12771.0,9608.0,,1674227.0,CartTo99,,112.0,,,,284092.0,12636.0,,Tony Carter,tony carter,RB,FA,1972-08-23,48.7,0.0,,,,,69.0,175.0,Minnesota,2025,Tony Carter,Tony Carter_<NA>,
10904,1867,,,,,,,,,,,,,579.0,1311.0,,,0.0,,,James McKnight,james mcknight,WR,FA,1972-06-17,48.9,0.0,,,,,,186.0,Liberty,2025,James McKnight,James McKnight_<NA>,
10905,1872,,,,,,,,,,,,,,,,,0.0,,,Chris Thomas,chris thomas,WR,FA,1971-07-16,49.8,0.0,,,,,73.0,180.0,Cal Poly S.L.O.,2025,Chris Thomas,Chris Thomas_<NA>,
10945,2613,,,,,,,,,,,,,,,,,0.0,,,Billy Davis,billy davis,WR,FA,1972-07-06,48.8,0.0,,,,,73.0,199.0,Pittsburgh,2025,Billy Davis,Billy Davis_<NA>,
10950,2866,,,,,,,,,,,,,,,,,0.0,,,Larry Bowie,larry bowie,RB,STL,1973-03-21,48.1,0.0,,,,,72.0,249.0,Georgia,2025,Larry Bowie,Larry Bowie_<NA>,
10951,2869,,,,,,,,,,,,,,,,,0.0,,,Greg Delong,greg delong,TE,FA,1973-04-03,48.1,0.0,,,,,76.0,245.0,North Carolina,2025,Greg Delong,Greg Delong_<NA>,
10967,3105,,,,,,,,,,,,,,,,,0.0,,,Mark Harris,mark harris,WR,FA,1970-04-28,51.0,0.0,,,,,76.0,201.0,Stanford,2025,Mark Harris,Mark Harris_<NA>,
10989,3163,,,,,,,,,,,,,,,,,0.0,,,Latorio Rachal,latorio rachal,WR,FA,1973-01-31,48.3,0.0,,,,,71.0,183.0,Fresno State,2025,Latorio Rachal,Latorio Rachal_<NA>,
10991,3166,,,,,,,,,,1755.0,,,977.0,,,,0.0,,,Chad Lewis,chad lewis,TE,FA,1971-10-05,49.6,0.0,,,,,,252.0,Brigham Young,2025,Chad Lewis,Chad Lewis_<NA>,
10992,3171,,,,,,,,,,,,,886.0,,,,0.0,,,Derrick Cullors,derrick cullors,RB,FA,1972-12-26,48.4,0.0,,,,,71.0,205.0,Murray State,2025,Derrick Cullors,Derrick Cullors_<NA>,
11002,3192,,,,,,,,,,,,,506.0,,,,0.0,,,Freddie Solomon,freddie solomon,WR,FA,1972-08-15,48.7,0.0,,,,,70.0,180.0,South Carolina St,2025,Freddie Solomon,Freddie Solomon_<NA>,
11014,3225,,,,,,,,,,,,,,,,,0.0,,,Eric Smith,eric smith,WR,FA,1971-01-05,50.3,0.0,,,,,71.0,183.0,LSU,2025,Eric Smith,Eric Smith_<NA>,
11025,3258,,,,,,,,,,,,,855.0,,,,0.0,,,Mike Quinn,mike quinn,QB,FA,1974-04-15,47.1,0.0,,,,,,220.0,Stephen F. Austin,2025,Mike Quinn,Mike Quinn_<NA>,
11033,3271,,,,,,,,,,,,,1717.0,,,,0.0,,,Ed Smith,ed smith,TE,FA,,,0.0,,,,,76.0,253.0,,2025,Ed Smith,Ed Smith_<NA>,
11034,3274,,,,,,,,,,,,,979.0,,,,0.0,,,Robert Chancey,robert chancey,RB,FA,1972-09-07,48.7,0.0,,,,,72.0,260.0,,2025,Robert Chancey,Robert Chancey_<NA>,
11044,3493,,,,,,,,,,,,,982.0,,,,0.0,,,Steve Lindsey,steve lindsey,PK,FA,,,0.0,,,,,73.0,185.0,Mississippi,2025,Steve Lindsey,Steve Lindsey_<NA>,
11052,3513,,,,,,,,,,,,,1115.0,,,,0.0,,,Damon Gibson,damon gibson,WR,FA,1975-02-25,46.2,0.0,,,,,69.0,184.0,Iowa,2025,Damon Gibson,Damon Gibson_<NA>,
11054,3515,,,,,,,,,,,,,,,,,0.0,,,Robert Thomas,robert thomas,RB,FA,1974-12-01,46.4,0.0,,,,,73.0,260.0,,2025,Robert Thomas,Robert Thomas_<NA>,
11067,3535,,,,,,,,,,,,,2006.0,,,,0.0,,,Josh Wilcox,josh wilcox,TE,FA,1974-06-05,46.9,0.0,,,,,75.0,255.0,Oregon,2025,Josh Wilcox,Josh Wilcox_<NA>,
11069,3537,,,,,,,,,,,,,,,,,0.0,,,Tremayne Stephens,tremayne stephens,RB,FA,1976-04-16,45.1,0.0,,,,,71.0,206.0,North Carolina State,2025,Tremayne Stephens,Tremayne Stephens_<NA>,
11070,3540,,,,,,,,,,,,,1543.0,,,,0.0,,,Robert Wilson,robert wilson,WR,FA,1974-06-23,46.9,0.0,,,,,71.0,176.0,Florida A&M,2025,Robert Wilson,Robert Wilson_<NA>,
11084,3571,,,,,,,,,,,,,1000.0,,,,0.0,,,Corey Walker,corey walker,RB,FA,1973-06-04,47.9,0.0,,,,,70.0,188.0,Arkansas State,2025,Corey Walker,Corey Walker_<NA>,
11085,3573,,,,,,,,,,,,,1111.0,,,,0.0,,,Brandon Bennett,brandon bennett,RB,FA,1973-02-03,48.3,0.0,,,,,71.0,220.0,South Carolina,2025,Brandon Bennett,Brandon Bennett_<NA>,
11088,3578,,,,,,,,,,,,,,,,,0.0,,,Mark Thomas,mark thomas,TE,FA,,,0.0,,,,,,,,2025,Mark Thomas,Mark Thomas_<NA>,
11091,3584,,,,,,,,,,,,,,,,,0.0,,,Brock Olivo,brock olivo,RB,FA,1976-06-24,44.9,0.0,,,,,72.0,226.0,Missouri,2025,Brock Olivo,Brock Olivo_<NA>,
11102,3605,,,,,,,,,,,,,,,,,0.0,,,Jermaine Williams,jermaine williams,RB,FA,1972-07-03,48.8,0.0,,,,,72.0,228.0,Houston,2025,Jermaine Williams,Jermaine Williams_<NA>,
11103,3606,,,,,,,,,,,,,1975.0,,,,0.0,,,Az-Zahir Hakim,az-zahir hakim,WR,STL,1975-06-14,45.9,0.0,,,,,74.0,240.0,Troy State,2025,Az-Zahir Hakim,Az-Zahir Hakim_<NA>,
11126,4763,,,,,,,,,,,,,,,,,0.0,,,Damon Hodge,damon hodge,WR,FA,,,0.0,,,,,,192.0,Alabama State,2025,Damon Hodge,Damon Hodge_<NA>,
11131,4773,,,,,,,,,,,,,1467.0,,,,0.0,,,Chris Daniels,chris daniels,WR,FA,1977-03-30,44.1,0.0,,,,,75.0,219.0,Purdue,2025,Chris Daniels,Chris Daniels_<NA>,
11137,4780,,,,,,,,,,,,,2418.0,,,,0.0,,,Jonas Lewis,jonas lewis,RB,FA,1976-12-27,44.4,0.0,,,,,,210.0,San Diego State,2025,Jonas Lewis,Jonas Lewis_<NA>,
11140,4784,,,,,,,,,,,,,1484.0,,,,0.0,,,Thabiti Davis,thabiti davis,WR,FA,1975-03-24,46.1,0.0,,,,,74.0,205.0,Wake Forest,2025,Thabiti Davis,Thabiti Davis_<NA>,
11143,4789,,,,,,,,,,,,,,,,,0.0,,,Craig Walendy,craig walendy,RB,FA,1977-07-11,43.8,0.0,,,,,73.0,229.0,UCLA,2025,Craig Walendy,Craig Walendy_<NA>,
11145,4793,,,,,,,,,,,,,,,,,0.0,,,Ron Powlus,ron powlus,QB,FA,,,0.0,,,,,73.0,225.0,Notre Dame,2025,Ron Powlus,Ron Powlus_<NA>,
11149,4800,,,,,,,,,,,,,1496.0,,,,0.0,,,Karon Coleman,karon coleman,RB,FA,1978-05-22,43.0,0.0,,,,,68.0,198.0,,2025,Karon Coleman,Karon Coleman_<NA>,
11154,4806,,,,,,,,,,,,,1460.0,,,,0.0,,,Clint Stoerner,clint stoerner,QB,MIA,1977-12-29,43.4,0.0,,,,,74.0,210.0,Arkansas,2025,Clint Stoerner,Clint Stoerner_<NA>,
11160,4813,,,,,,,,,,,,,,,,,0.0,,,Scott Dragos,scott dragos,TE,FA,,,0.0,,,,,,,,2025,Scott Dragos,Scott Dragos_<NA>,
11166,4819,,,,,,,,,,,,,2371.0,,,,0.0,,,Chris Coleman,chris coleman,WR,FA,1977-05-08,44.0,0.0,,,,,72.0,202.0,North Carolina State,2025,Chris Coleman,Chris Coleman_<NA>,
11168,4821,,,,,,,,,,,,,1535.0,,,,0.0,,,Larry Foster,larry foster,WR,FA,1976-11-07,44.5,0.0,,,,,70.0,196.0,LSU,2025,Larry Foster,Larry Foster_<NA>,
11169,4822,,,,,,,,,,,,,2359.0,,,,0.0,,,Scottie Montgomery,scottie montgomery,WR,FA,1978-05-26,43.0,0.0,,,,,73.0,195.0,,2025,Scottie Montgomery,Scottie Montgomery_<NA>,
11170,4826,,,,,,,,,,,,,,,,,0.0,,,Jake Moreland,jake moreland,TE,FA,1977-01-18,44.3,0.0,,,,,75.0,255.0,Western Michigan,2025,Jake Moreland,Jake Moreland_<NA>,
11174,4833,,,,,,,,,,,,,,,,,0.0,,,Bobby Brown,bobby brown,WR,FA,,,0.0,,,,,,,,2025,Bobby Brown,Bobby Brown_<NA>,
11175,4835,,,,,,,,,,,,,,,,,0.0,,,Chafie Fields,chafie fields,WR,FA,,,0.0,,,,,,,,2025,Chafie Fields,Chafie Fields_<NA>,
11176,4837,,,,,,,,,,,,,1566.0,,,,0.0,,,Curtis Jackson,curtis jackson,WR,FA,1973-09-22,47.6,0.0,,,,,70.0,195.0,,2025,Curtis Jackson,Curtis Jackson_<NA>,
11179,4842,,,,,,,,,,,,,2080.0,,,,0.0,,,Darrius Blevins,darrius blevins,WR,FA,,,0.0,,,,,,,,2025,Darrius Blevins,Darrius Blevins_<NA>,
11181,4846,,,,,,,,,,,,,2302.0,,,,0.0,,,Lavell Boyd,lavell boyd,WR,FA,1977-09-12,43.7,0.0,,,,,75.0,220.0,,2025,Lavell Boyd,Lavell Boyd_<NA>,
11182,4847,,,,,,,,,,,,,,,,,0.0,,,Clarence Williams,clarence williams,RB,FA,,,0.0,,,,,,,,2025,Clarence Williams,Clarence Williams_<NA>,
11184,4852,,,,,,,,,,,,,1588.0,,,,0.0,,,Damon Savage,damon savage,WR,FA,,,0.0,,,,,,,,2025,Damon Savage,Damon Savage_<NA>,
11185,4854,,,,,,,,,,,,,,,,,0.0,,,Omar Bacon,omar bacon,RB,FA,,,0.0,,,,,,,,2025,Omar Bacon,Omar Bacon_<NA>,
11187,4856,,,,,,,,,,,,,2345.0,,,,0.0,,,Damon Washington,damon washington,RB,FA,1977-02-20,44.2,0.0,,,,,71.0,205.0,,2025,Damon Washington,Damon Washington_<NA>,
11192,4862,,,,,,,,,,,,,,,,,0.0,,,Sean Keenan,sean keenan,QB,FA,,,0.0,,,,,,,,2025,Sean Keenan,Sean Keenan_<NA>,
11202,4874,,,,,,,,,,,,,2181.0,,,,0.0,,,Dave Dickenson,dave dickenson,QB,FA,1973-01-11,48.3,0.0,,,,,71.0,185.0,,2025,Dave Dickenson,Dave Dickenson_<NA>,
11203,4876,,,,,,,,,,,,,,,,,0.0,,,Mike Horacek,mike horacek,WR,FA,,,0.0,,,,,,,,2025,Mike Horacek,Mike Horacek_<NA>,
11206,4880,,,,,,,,,,,,,2329.0,,,,0.0,,,Winston October,winston october,WR,FA,,,0.0,,,,,,,,2025,Winston October,Winston October_<NA>,
11207,4881,,,,,,,,,,,,,2188.0,,,,0.0,,,Matt Simonton,matt simonton,PK,FA,,,0.0,,,,,,,,2025,Matt Simonton,Matt Simonton_<NA>,
11211,4886,,,,,,,,,,,,,2830.0,,,,0.0,,,Andre Rone,andre rone,WR,FA,,,0.0,,,,,,,,2025,Andre Rone,Andre Rone_<NA>,
11213,4888,,,,,,,,,,,,,,,,,0.0,,,Cory Nelson,cory nelson,WR,FA,,,0.0,,,,,,,,2025,Cory Nelson,Cory Nelson_<NA>,
11216,5162,,,,,,,,,,,,,,,,,0.0,,,R.J. Bowers,rj bowers,RB,FA,,,0.0,,,,,,,,2025,R.J. Bowers,R.J. Bowers_<NA>,
11217,5163,,,,,,,,,,,,,2387.0,,,,0.0,,,Elvis Joseph,elvis joseph,RB,FA,1978-08-30,42.7,0.0,,,,,73.0,217.0,Southern,2025,Elvis Joseph,Elvis Joseph_<NA>,
11218,5165,,,,,,,,,,,,,2303.0,,,,0.0,,,Jake Arians,jake arians,PK,FA,1978-01-26,43.3,0.0,,,,,71.0,203.0,,2025,Jake Arians,Jake Arians_<NA>,
11219,5166,,,,,,,,,,,,,2369.0,,,,0.0,,,Benjamin Gay,benjamin gay,RB,FA,,,0.0,,,,,73.0,227.0,,2025,Benjamin Gay,Benjamin Gay_<NA>,
11220,5167,,,,,,,,,,,,,2352.0,,,,0.0,,,Jason Brookins,jason brookins,RB,FA,1976-01-05,45.3,0.0,,,,,74.0,225.0,,2025,Jason Brookins,Jason Brookins_<NA>,
11221,5169,,,,,,,,,,,,,2309.0,,,,0.0,,,Jon Hilbert,jon hilbert,PK,FA,1975-07-15,45.8,0.0,,,,,74.0,228.0,,2025,Jon Hilbert,Jon Hilbert_<NA>,
11227,5177,,,,,,,,,,,,,2346.0,,,,0.0,,,Kevin Swayne,kevin swayne,WR,FA,1975-01-17,46.3,0.0,,,,,73.0,191.0,,2025,Kevin Swayne,Kevin Swayne_<NA>,
11228,5178,,,,,,,,,,,,,2358.0,,,,0.0,,,Marcus Knight,marcus knight,WR,FA,1978-06-19,42.9,0.0,,,,,73.0,180.0,Michigan,2025,Marcus Knight,Marcus Knight_<NA>,
11239,5409,,,,,,,,,,,,,,,,,0.0,,,Fred Mcafee,fred mcafee,RB,NOS,1972-07-14,48.8,0.0,,,,,,300.0,South Carolina,2025,Fred Mcafee,Fred Mcafee_<NA>,
11240,5412,,,,,,,,,,,,,,,,,0.0,,,Ed Mccaffrey,ed mccaffrey,WR,DEN,,,0.0,,,,,79.0,294.0,,2025,Ed Mccaffrey,Ed Mccaffrey_<NA>,
11242,5415,,,,,,,,,,,,,,,,,0.0,,,Wendell Davis,wendell davis,TE,FA,1975-10-24,45.5,0.0,,,,,,246.0,Temple,2025,Wendell Davis,Wendell Davis_<NA>,
11243,5418,,,,,,,,,,,,,1898.0,,,,0.0,,,Keenan Mccardell,keenan mccardell,WR,JAC,1974-06-03,46.9,0.0,,,,,76.0,293.0,Vanderbilt,2025,Keenan Mccardell,Keenan Mccardell_<NA>,
11244,5420,,,,,,,,,,,,,,,,,0.0,,,Justin Mccareins,justin mccareins,WR,TEN,1973-11-15,47.5,0.0,,,,,76.0,315.0,Texas A&M,2025,Justin Mccareins,Justin Mccareins_<NA>,
11247,5442,,,,,,,,,,,,,,,,,0.0,,,Fred Mccrary,fred mccrary,RB,SDC,1973-04-18,48.1,0.0,,,,,71.0,186.0,,2025,Fred Mccrary,Fred Mccrary_<NA>,
11252,5469,,,,,,,,,,,,,2135.0,,,,0.0,,,Jeremy Mcdaniel,jeremy mcdaniel,WR,BUF,1973-06-08,47.9,0.0,,,,,76.0,305.0,,2025,Jeremy Mcdaniel,Jeremy Mcdaniel_<NA>,
11259,5493,,,,,,,,,,,,,,,,,0.0,,,Kevin Mcdougal,kevin mcdougal,RB,IND,,,0.0,,,,,,,,2025,Kevin Mcdougal,Kevin Mcdougal_<NA>,
11260,5496,,,,,,,,,,,,,,,,,0.0,,,O.j. Mcduffie,oj mcduffie,WR,MIA,1976-03-12,45.2,0.0,,,,,68.0,168.0,,2025,O.j. Mcduffie,O.j. Mcduffie_<NA>,
11262,5503,,,,,,,,,,,,,,,,,0.0,,,Pete Gonzalez,pete gonzalez,QB,FA,1974-07-04,46.8,0.0,,,,,73.0,216.0,Pittsburgh,2025,Pete Gonzalez,Pete Gonzalez_<NA>,
11263,5508,,,,,,,,,,,,,,,,,0.0,,,Wane Mcgarity,wane mcgarity,WR,DAL,1973-07-15,47.8,0.0,,,,,75.0,330.0,North Carolina A&T,2025,Wane Mcgarity,Wane Mcgarity_<NA>,
11265,5514,,,,,,,,,,,,,,,,,0.0,,,Dameyune Craig,dameyune craig,QB,FA,1974-04-19,47.1,0.0,,,,,73.0,200.0,Auburn,2025,Dameyune Craig,Dameyune Craig_<NA>,
11268,5517,,,,,,,,,,,,,,,,,0.0,,,Mac Cody,mac cody,WR,FA,1972-08-07,48.8,0.0,,,,,,182.0,Memphis,2025,Mac Cody,Mac Cody_<NA>,
11270,5524,,,,,,,,,,,,,1218.0,,,,0.0,,,Scott Dreisbach,scott dreisbach,QB,FA,,,0.0,,,,,,,,2025,Scott Dreisbach,Scott Dreisbach_<NA>,
11274,5529,,,,,,,,,,,,,1238.0,,,,0.0,,,Brian Gowins,brian gowins,PK,FA,,,0.0,,,,,,,,2025,Brian Gowins,Brian Gowins_<NA>,
11277,5532,,,,,,,,,,,,,1246.0,,,,0.0,,,Basil Mitchell,basil mitchell,RB,FA,,,0.0,,,,,70.0,200.0,TCU,2025,Basil Mitchell,Basil Mitchell_<NA>,
11287,5543,,,,,,,,,,,,,,,,,0.0,,,Ronnie Powell,ronnie powell,WR,FA,,,0.0,,,,,70.0,174.0,,2025,Ronnie Powell,Ronnie Powell_<NA>,
11289,5545,,,,,,,,,,,,,,,,,0.0,,,Robert Farmer,robert farmer,RB,FA,,,0.0,,,,,,,,2025,Robert Farmer,Robert Farmer_<NA>,
11298,5558,,,,,,,,,,,,,,,,,0.0,,,Matt Snider,matt snider,RB,FA,1976-01-26,45.3,0.0,,,,,74.0,243.0,Richmond,2025,Matt Snider,Matt Snider_<NA>,
11299,5559,,,,,,,,,,,,,1271.0,,,,0.0,,,Andre Cooper,andre cooper,WR,FA,1975-06-21,45.9,0.0,,,,,74.0,210.0,Florida State,2025,Andre Cooper,Andre Cooper_<NA>,
11300,5560,,,,,,,,,,,,,,,,,0.0,,,Yo Murphy,yo murphy,WR,FA,1971-05-11,50.0,0.0,,,,,70.0,178.0,Idaho,2025,Yo Murphy,Yo Murphy_<NA>,
11308,5568,,,,,,,,,,,,,,,,,0.0,,,Paul Shields,paul shields,RB,FA,1976-01-31,45.3,0.0,,,,,,238.0,Arizona,2025,Paul Shields,Paul Shields_<NA>,
11311,5573,,,,,,,,,,,,,915.0,,,,0.0,,,Danny Kight,danny kight,PK,FA,1971-08-18,49.7,0.0,,,,,,200.0,,2025,Danny Kight,Danny Kight_<NA>,
11319,5584,,,,,,,,,,,,,1250.0,,,,0.0,,,Cory Sauter,cory sauter,QB,FA,1974-11-21,46.5,0.0,,,,,76.0,215.0,Minnesota,2025,Cory Sauter,Cory Sauter_<NA>,
11322,5589,,,,,,,,,,,,,2675.0,,,,0.0,,,Mike Mcmahon,mike mcmahon,QB,DET,,,0.0,,,,,74.0,298.0,Miami (Fla.),2025,Mike Mcmahon,Mike Mcmahon_<NA>,
11323,5590,,,,,,,,,,,,,,,,,0.0,,,Dan Dercher,dan dercher,TE,FA,1976-06-02,44.9,0.0,,,,,77.0,293.0,Kansas,2025,Dan Dercher,Dan Dercher_<NA>,
11328,5603,,,,,,,,,,,,,,,,,0.0,,,Charles Kirby,charles kirby,RB,FA,,,0.0,,,,,,,,2025,Charles Kirby,Charles Kirby_<NA>,
11330,5605,,,,,,,,,,,,,,,,,0.0,,,Lennox Gordon,lennox gordon,RB,FA,1978-04-09,43.1,0.0,,,,,71.0,201.0,New Mexico,2025,Lennox Gordon,Lennox Gordon_<NA>,
11331,5606,,,,,,,,,,,,,1503.0,,,,0.0,,,Lenzie Jackson,lenzie jackson,WR,FA,1977-06-17,43.9,0.0,,,,,72.0,188.0,Arizona State,2025,Lenzie Jackson,Lenzie Jackson_<NA>,
11333,5610,,,,,,,,,,,,,,,,,828109.0,,,Donovan Mcnabb,donovan mcnabb,QB,PHI,1975-07-12,45.8,0.0,,,,,,,Texas,2025,Donovan Mcnabb,Donovan Mcnabb_<NA>,
11334,5616,,,,,,,,,,,,,,,,,0.0,,,Brian Edwards,brian edwards,RB,FA,1976-06-06,44.9,0.0,,,,,73.0,221.0,East Tennessee St,2025,Brian Edwards,Brian Edwards_<NA>,
11337,5626,,,,,,,,,,,,,1396.0,,,,0.0,,,Jaret Holmes,jaret holmes,PK,FA,1976-03-03,45.2,0.0,,,,,72.0,203.0,Auburn,2025,Jaret Holmes,Jaret Holmes_<NA>,
11338,5627,,,,,,,,,,,,,2157.0,,,,0.0,,,Damon Dunn,damon dunn,WR,FA,1976-03-15,45.1,0.0,,,,,69.0,180.0,Stanford,2025,Damon Dunn,Damon Dunn_<NA>,
11339,5628,,,,,,,,,,,,,,,,,0.0,,,Cade Mcnown,cade mcnown,QB,CHI,1971-03-14,50.2,0.0,,,,,75.0,295.0,Syracuse,2025,Cade Mcnown,Cade Mcnown_<NA>,
11346,5640,,,,,,,,,,,,,1235.0,,,,0.0,,,Jeremy McDaniel,jeremy mcdaniel,WR,FA,1976-05-02,45.0,0.0,,,,,72.0,197.0,Arizona,2025,Jeremy McDaniel,Jeremy McDaniel_<NA>,
11352,5922,,,,,,,,,,,,,,,,,0.0,,,Brody Heffner-Liddiard,brody heffner-liddiard,TE,FA,,,0.0,,,,,,,,2025,Brody Heffner-Liddiard,Brody Heffner-Liddiard_<NA>,
11355,5925,,,,,,,,,,,,,,,,,0.0,,,Joe Perez,joe perez,WR,FA,1977-05-21,44.0,0.0,,,,,72.0,202.0,Murray State,2025,Joe Perez,Joe Perez_<NA>,
11356,5927,,,,,,,,,,,,,1491.0,,,,0.0,,,Herbert Goodman,herbert goodman,RB,FA,1977-08-31,43.7,0.0,,,,,71.0,203.0,,2025,Herbert Goodman,Herbert Goodman_<NA>,
11357,5928,,,,,,,,,,,,,1471.0,,,,750854.0,,,Maurice Smith,maurice smith,RB,GBP,1976-09-07,44.7,0.0,,,,,72.0,197.0,North Carolina A&T,2025,Maurice Smith,Maurice Smith_<NA>,
11358,5929,,,,,,,,,,,,,1477.0,,,,0.0,,,Kris Heppner,kris heppner,PK,FA,1977-01-18,44.3,0.0,,,,,69.0,180.0,,2025,Kris Heppner,Kris Heppner_<NA>,
11362,5936,,,,,,,,,,,,,1507.0,,,,0.0,,,John Jones,john jones,TE,FA,1975-04-04,46.1,0.0,,,,,76.0,255.0,,2025,John Jones,John Jones_<NA>,
11363,5939,,,,,,,,,,,,,1357.0,,,,0.0,,,Kwame Cavil,kwame cavil,WR,FA,1979-05-03,42.0,0.0,,,,,74.0,203.0,Texas,2025,Kwame Cavil,Kwame Cavil_<NA>,
11367,5945,,,,,,,,,,,,,1587.0,,,,0.0,,,Kevin Thompson,kevin thompson,QB,FA,1977-07-27,43.8,0.0,,,,,77.0,236.0,Penn State,2025,Kevin Thompson,Kevin Thompson_<NA>,
11370,5948,,,,,,,,,,,,,1548.0,,,,0.0,,,Kevin McDougal,kevin mcdougal,RB,FA,,,0.0,,,,,71.0,304.0,,2025,Kevin McDougal,Kevin McDougal_<NA>,
11371,5949,,,,,,,,,,,,,,,,,0.0,,,Joshua Keur,joshua keur,TE,FA,1976-09-04,44.7,0.0,,,,,76.0,283.0,Michigan State,2025,Joshua Keur,Joshua Keur_<NA>,
11383,5972,,,,,,,,,,,,,,,,,0.0,,,Cory Geason,cory geason,TE,FA,1975-08-12,45.7,0.0,,,,,77.0,310.0,Tulane,2025,Cory Geason,Cory Geason_<NA>,
11385,5975,,,,,,,,,,,,,,,,,0.0,,,Rodnick Phillips,rodnick phillips,RB,FA,,,0.0,,,,,71.0,205.0,SMU,2025,Rodnick Phillips,Rodnick Phillips_<NA>,
11386,5976,,,,,,,,,,,,,,,,,0.0,,,James Hill,james hill,TE,FA,,,0.0,,,,,76.0,246.0,,2025,James Hill,James Hill_<NA>,
11396,5993,,,,,,,,,,,,,2351.0,,,,0.0,,,Tywan Mitchell,tywan mitchell,TE,FA,1975-12-10,45.4,0.0,,,,,77.0,220.0,,2025,Tywan Mitchell,Tywan Mitchell_<NA>,
11411,6399,,,,,,,,,,,,,1568.0,,,,0.0,,,Matt Cercone,matt cercone,TE,JAC,1975-11-30,45.4,0.0,,,,,77.0,255.0,,2025,Matt Cercone,Matt Cercone_<NA>,
11415,6405,,,,,,,,,,,,,2395.0,,,,0.0,,,Arnold Jackson,arnold jackson,WR,FA,1977-04-09,44.1,0.0,,,,,68.0,167.0,Louisville,2025,Arnold Jackson,Arnold Jackson_<NA>,
11417,6407,,,,,,,,,,,,,2270.0,,,,0.0,,,Quentin McCord,quentin mccord,WR,FA,1978-06-26,42.9,0.0,,,,,,188.0,Kentucky,2025,Quentin McCord,Quentin McCord_<NA>,
11418,6408,,,,,,,,,,,,,2298.0,,,,0.0,,,Trevor Insley,trevor insley,WR,FA,1977-12-25,43.4,0.0,,,,,72.0,190.0,Nevada,2025,Trevor Insley,Trevor Insley_<NA>,
11421,6412,,,,,,,,,,,,,2480.0,,,,0.0,,,Johnny Huggins,johnny huggins,TE,FA,1976-03-29,45.1,0.0,,,,,75.0,245.0,Alabama State,2025,Johnny Huggins,Johnny Huggins_<NA>,
11426,6418,,,,,,,,,,,,,,,,,0.0,,,Matt Dominguez,matt dominguez,TE,NYJ,,,0.0,,,,,,,,2025,Matt Dominguez,Matt Dominguez_<NA>,
11439,6440,,,,,,,,,,,,,1482.0,,,,0.0,,,Matt Lytle,matt lytle,QB,FA,,,0.0,,,,,76.0,225.0,Pittsburgh,2025,Matt Lytle,Matt Lytle_<NA>,
11441,6442,,,,,,,,,,,,,,,,,0.0,,,Wes Ours,wes ours,RB,FA,1977-12-30,43.4,0.0,,,,,72.0,284.0,West Virginia,2025,Wes Ours,Wes Ours_<NA>,
11445,6446,,,,,,,,,,,,,,,,,0.0,,,Russell Stewart,russell stewart,TE,FA,,,0.0,,,,,76.0,250.0,Stanford,2025,Russell Stewart,Russell Stewart_<NA>,
11446,6447,,,,,,,,,,,,,,,,,0.0,,,Brian Natkin,brian natkin,RB,FA,,,0.0,,,,,,,,2025,Brian Natkin,Brian Natkin_<NA>,
11450,6451,,,,,,,,,,,,,,,,,0.0,,,Stephen Trejo,stephen trejo,RB,FA,1977-11-20,43.5,0.0,,,,,74.0,258.0,Arizona State,2025,Stephen Trejo,Stephen Trejo_<NA>,
11453,6454,,,,,,,,,,,,,2479.0,,,,0.0,,,Sean McDermott,sean mcdermott,TE,FA,1976-12-05,44.4,0.0,,,,,76.0,250.0,Kansas,2025,Sean McDermott,Sean McDermott_<NA>,
11457,6458,,,,,,,,,,,,,,,,,0.0,,,Phillip Crosby,phillip crosby,RB,FA,1976-11-05,44.5,0.0,,,,,,242.0,Tennessee,2025,Phillip Crosby,Phillip Crosby_<NA>,
11460,6462,,,,,,,,,,,,,,,,,0.0,,,Patrick Batteaux,patrick batteaux,WR,FA,,,0.0,,,,,,,,2025,Patrick Batteaux,Patrick Batteaux_<NA>,
11461,6463,,,,,,,,,,,,,,,,,0.0,,,Adam Young,adam young,TE,FA,,,0.0,,,,,,,,2025,Adam Young,Adam Young_<NA>,
11462,6464,,,,,,,,,,,,,2975.0,,,,0.0,,,Phil McGeoghan,phil mcgeoghan,WR,FA,1979-07-08,41.8,0.0,,,,,74.0,224.0,,2025,Phil McGeoghan,Phil McGeoghan_<NA>,
11463,6465,,,,,,,,,,,,,2436.0,,,,0.0,,,James Tuthill,james tuthill,PK,FA,1976-03-25,45.1,0.0,,,,,74.0,250.0,,2025,James Tuthill,James Tuthill_<NA>,
11468,6471,,,,,,,,,,,,,,,,,0.0,,,Scot Osborne,scot osborne,TE,FA,,,0.0,,,,,,,,2025,Scot Osborne,Scot Osborne_<NA>,
11469,6472,,,,,,,,,,,,,2393.0,,,,0.0,,,Roderick Robinson,roderick robinson,QB,FA,,,0.0,,,,,,,,2025,Roderick Robinson,Roderick Robinson_<NA>,
11470,6473,,,,,,,,,,,,,,,,,0.0,,,Josh Whitman,josh whitman,TE,FA,,,0.0,,,,,,245.0,Illinois,2025,Josh Whitman,Josh Whitman_<NA>,
11473,6476,,,,,,,,,,,,,,,,,0.0,,,John Waerig,john waerig,TE,FA,1976-04-08,45.1,0.0,,,,,74.0,254.0,Maryland,2025,John Waerig,John Waerig_<NA>,
11477,6481,,,,,,,,,,,,,,,,,0.0,,,Anthony Green,anthony green,RB,FA,1977-08-13,43.7,0.0,,,,,,245.0,West Virginia,2025,Anthony Green,Anthony Green_<NA>,
11479,6485,,,,,,,,,,,,,2459.0,,,,0.0,,,Kirk McMullen,kirk mcmullen,TE,CAR,1977-07-19,43.8,0.0,,,,,76.0,255.0,Pittsburgh,2025,Kirk McMullen,Kirk McMullen_<NA>,
11480,6487,,,,,,,,,,,,,2465.0,,,,0.0,,,Cedric Oglesby,cedric oglesby,PK,FA,,,0.0,,,,,,,,2025,Cedric Oglesby,Cedric Oglesby_<NA>,
11481,6488,,,,,,,,,,,,,,,,,0.0,,,Carl Fair,carl fair,RB,FA,,,0.0,,,,,,,,2025,Carl Fair,Carl Fair_<NA>,
11483,6490,,,,,,,,,,,,,,,,,0.0,,,Terry Witherspoon,terry witherspoon,RB,CIN,1975-08-22,45.7,0.0,,,,,71.0,250.0,Clemson,2025,Terry Witherspoon,Terry Witherspoon_<NA>,
11484,6491,,,,,,,,,,,,,,,,,0.0,,,Alvin Morrow,alvin morrow,TE,FA,,,0.0,,,,,,,,2025,Alvin Morrow,Alvin Morrow_<NA>,
11490,6498,,,,,,,,,,,,,2177.0,,,,0.0,,,Henry Burris,henry burris,QB,FA,1975-06-04,45.9,0.0,,,,,73.0,199.0,Temple,2025,Henry Burris,Henry Burris_<NA>,
11492,6500,,,,,,,,,,,,,2693.0,,,,0.0,,,James Fenderson,james fenderson,RB,FA,1976-10-24,44.5,0.0,,,,,69.0,200.0,Hawaii,2025,James Fenderson,James Fenderson_<NA>,
11497,6505,,,,,,,,,,,,,,,,,0.0,,,Reggie Torian,reggie torian,WR,FA,,,0.0,,,,,,,,2025,Reggie Torian,Reggie Torian_<NA>,
11503,6777,,,,,,,,,,,,,,,,,0.0,,,Ricky (ex-ind) Williams,ricky (ex-ind) williams,RB,FA,1978-08-29,42.7,0.0,,,,,,195.0,Texas Tech,2025,Ricky (ex-ind) Williams,Ricky (ex-ind) Williams_<NA>,
11507,6781,,,,,,,,,,,,,2814.0,,,,0.0,,,Charles Stackhouse,charles stackhouse,RB,FA,1980-04-11,41.1,0.0,,,,,74.0,252.0,Mississippi,2025,Charles Stackhouse,Charles Stackhouse_<NA>,
11509,6783,,,,,,,,,,,,,2668.0,,,,0.0,,,James Wofford,james wofford,RB,FA,1978-06-06,42.9,0.0,,,,,72.0,186.0,Nevada-Las Vegas,2025,James Wofford,James Wofford_<NA>,
11510,6784,,,,,,,,,,,,,2385.0,,,,0.0,,,Derek Dorris,derek dorris,WR,FA,1978-12-01,42.4,0.0,,,,,74.0,206.0,Texas Tech,2025,Derek Dorris,Derek Dorris_<NA>,
11516,6792,,,,,,,,,,,,,2793.0,,,,0.0,,,Anthony Bright,anthony bright,WR,FA,1977-03-28,44.1,0.0,,,,,73.0,170.0,,2025,Anthony Bright,Anthony Bright_<NA>,
11519,6796,,,,,,,,,,,,,2647.0,,,,0.0,,,Nick Davis,nick davis,WR,FA,1979-10-06,41.6,0.0,,,,,72.0,180.0,,2025,Nick Davis,Nick Davis_<NA>,
11520,6798,,,,,,,,,,134652.0,,,,,,,0.0,,,Nicolas Luchey,nicolas luchey,RB,FA,1977-03-30,44.1,0.0,,,,,,267.0,,2025,Nicolas Luchey,Nicolas Luchey_<NA>,
11522,6801,,,,,,,,,,,,,1591.0,,,,0.0,,,Albert Johnson,albert johnson,WR,FA,1977-11-11,43.5,0.0,,,,,69.0,190.0,,2025,Albert Johnson,Albert Johnson_<NA>,
11530,6817,,,,,,,,,,,,,2840.0,,,,0.0,,,Joe dean Davenport,joe dean davenport,TE,FA,1976-10-29,44.5,0.0,,,,,78.0,268.0,,2025,Joe dean Davenport,Joe dean Davenport_<NA>,
11531,6818,,,,,,,,,,,,,2833.0,,,,0.0,,,J.R. Jenkins,jr jenkins,PK,FA,,,0.0,,,,,73.0,195.0,,2025,J.R. Jenkins,J.R. Jenkins_<NA>,
11542,6842,,,,,,,,,,1695403.0,,,2756.0,,,,0.0,,,Anthony White,anthony white,RB,FA,1977-05-01,44.0,0.0,,,,,72.0,195.0,Kentucky,2025,Anthony White,Anthony White_<NA>,
11554,6866,,,,,,,,,,,,,,,,,0.0,,,James Jordan,james jordan,WR,SFO,1978-06-11,42.9,0.0,,,,,74.0,225.0,Louisiana Tech,2025,James Jordan,James Jordan_<NA>,
11559,6871,,,,,,,,,,,,,,,,,0.0,,,Henry Douglas,henry douglas,WR,FA,,,0.0,,,,,71.0,167.0,,2025,Henry Douglas,Henry Douglas_<NA>,
11561,6875,,,,,,,,,,,,,2086.0,,,,0.0,,,Rafael Cooper,rafael cooper,RB,FA,1975-01-08,46.3,0.0,,,,,71.0,202.0,,2025,Rafael Cooper,Rafael Cooper_<NA>,
11562,6876,,,,,,,,,,,,,,,,,0.0,,,Chris Edmonds,chris edmonds,RB,FA,1978-01-01,43.3,0.0,,,,,75.0,248.0,,2025,Chris Edmonds,Chris Edmonds_<NA>,
11563,6879,,,,,,,,,,,,,2332.0,,,,0.0,,,Justin Skaggs,justin skaggs,WR,FA,1979-04-22,42.0,0.0,,,,,74.0,200.0,,2025,Justin Skaggs,Justin Skaggs_<NA>,
11565,6881,,,,,,,,,,,,,,,,,0.0,,,Dondre Gilliam,dondre gilliam,WR,FA,1977-02-09,44.2,0.0,,,,,72.0,185.0,,2025,Dondre Gilliam,Dondre Gilliam_<NA>,
11570,6888,,,,,,,,,,,,,3503.0,2288.0,,,0.0,,,Clarence Coleman,clarence coleman,WR,FA,1980-06-04,40.9,0.0,,,,,70.0,190.0,,2025,Clarence Coleman,Clarence Coleman_<NA>,
11571,6889,,,,,,,,,,,,,3488.0,,,,0.0,,,Brady McDonnell,brady mcdonnell,TE,BUF,,,0.0,,,,,74.0,363.0,,2025,Brady McDonnell,Brady McDonnell_<NA>,
11577,6900,,,,,,,,,,,,,3464.0,,,,0.0,,,Corey Parchman,corey parchman,WR,GBP,,,0.0,,,,,,,,2025,Corey Parchman,Corey Parchman_<NA>,
11578,6901,,,,,,,,,,,,,,,,,0.0,,,Nathan Poole,nathan poole,WR,FA,1977-02-01,44.3,0.0,,,,,,212.0,,2025,Nathan Poole,Nathan Poole_<NA>,
11579,6902,,,,,,,,,,,,,2937.0,,,,0.0,,,Danny Boyd,danny boyd,PK,FA,1978-06-01,42.9,0.0,,,,,71.0,210.0,,2025,Danny Boyd,Danny Boyd_<NA>,
11582,6906,,,,,,,,,,,,,3537.0,,,,0.0,,,Atnaf Harris,atnaf harris,WR,DEN,1979-02-27,42.2,0.0,,,,,73.0,182.0,,2025,Atnaf Harris,Atnaf Harris_<NA>,
11585,6914,,,,,,,,,,,,,3330.0,,,,0.0,,,Jarmar Julien,jarmar julien,RB,FA,1979-12-11,41.4,0.0,,,,,,235.0,San Jose State,2025,Jarmar Julien,Jarmar Julien_<NA>,
11595,7193,,,,,,,,,,,,,3151.0,,,,0.0,,,Brad Banks,brad banks,QB,FA,1980-04-22,41.0,0.0,,,,,73.0,185.0,Iowa,2025,Brad Banks,Brad Banks_<NA>,
11604,7204,,,,,,,,,,,,,3302.0,,,,0.0,,,Kirk Farmer,kirk farmer,QB,FA,1979-08-27,41.7,0.0,,,,,77.0,218.0,Missouri,2025,Kirk Farmer,Kirk Farmer_<NA>,
11611,7216,,,,,,,,,,,,,2649.0,1574.0,,,0.0,,,Rashod Kent,rashod kent,TE,HOU,1980-06-07,40.9,0.0,,,,,78.0,275.0,Rutgers,2025,Rashod Kent,Rashod Kent_<NA>,
11619,7225,,,,,,,,,,,,,3477.0,,,,0.0,,,Joe Smith,joe smith,RB,FA,,,0.0,,,,,,,,2025,Joe Smith,Joe Smith_<NA>,
11627,7242,,,,,,,,,,,,,3160.0,230.0,,,0.0,,,Jason Gesser,jason gesser,QB,FA,,,0.0,,,,,,,,2025,Jason Gesser,Jason Gesser_<NA>,
11635,7253,,,,,,,,,,,,,3174.0,,,,0.0,,,Terrence Edwards,terrence edwards,WR,FA,,,0.0,,,,,,,,2025,Terrence Edwards,Terrence Edwards_<NA>,
11641,7267,,,,,,,,,,2079670.0,,,3510.0,,,,0.0,,,Kenny Clark,kenny clark,WR,FA,,,0.0,,,,,,,,2025,Kenny Clark,Kenny Clark_<NA>,
11648,7283,,,,,,,,,,,,,,,,,0.0,,,Arland Bruce,arland bruce,WR,FA,,,0.0,,,,,,,,2025,Arland Bruce,Arland Bruce_<NA>,
11651,7292,,,,,,,,,,,,,3366.0,198.0,,,0.0,,,Dwone Hicks,dwone hicks,RB,FA,,,0.0,,,,,,,,2025,Dwone Hicks,Dwone Hicks_<NA>,
11653,7294,,,,,,,,,,,,,3339.0,,,,0.0,,,Marquel Blackwell,marquel blackwell,QB,FA,,,0.0,,,,,,,,2025,Marquel Blackwell,Marquel Blackwell_<NA>,
11660,7304,,,,,,,,,,,,,3596.0,,,,0.0,,,Kevin Ware,kevin ware,TE,FA,,,0.0,,,,,,,,2025,Kevin Ware,Kevin Ware_<NA>,
11665,7312,,,,,,,,,,,,,2640.0,,,,0.0,,,Ken Simonton,ken simonton,RB,FA,,,0.0,,,,,,,,2025,Ken Simonton,Ken Simonton_<NA>,
11668,7315,,,,,,,,,,,,,,,,,0.0,,,Antoine Burns,antoine burns,WR,FA,,,0.0,,,,,,,,2025,Antoine Burns,Antoine Burns_<NA>,
11673,7325,,,,,,,,,,,,,3383.0,,,,0.0,,,Joffrey Reynolds,joffrey reynolds,RB,FA,,,0.0,,,,,,,,2025,Joffrey Reynolds,Joffrey Reynolds_<NA>,
11675,7327,,,,,,,,,,,,,,,,,0.0,,,Dan Stricker,dan stricker,WR,FA,,,0.0,,,,,,,,2025,Dan Stricker,Dan Stricker_<NA>,
11686,7346,,,,,,,,,,,,,3698.0,,,,0.0,,,John Lewis,john lewis,WR,FA,,,0.0,,,,,,,,2025,John Lewis,John Lewis_<NA>,
11687,7348,,,,,,,,,,,,,,,,,0.0,,,Ben Miller,ben miller,RB,FA,,,0.0,,,,,,,,2025,Ben Miller,Ben Miller_<NA>,
11696,7360,,,,,,,,,,,,,,,,,0.0,,,Jonathan Reese,jonathan reese,RB,FA,,,0.0,,,,,,,,2025,Jonathan Reese,Jonathan Reese_<NA>,
11701,7368,,,,,,,,,,,,,,,,,0.0,,,Joshua Rue,joshua rue,RB,ARI,,,0.0,,,,,,,,2025,Joshua Rue,Joshua Rue_<NA>,
11710,7380,,,,,,,,,,,,,3504.0,,,,0.0,,,Ray Jackson,ray jackson,RB,FA,,,0.0,,,,,,,,2025,Ray Jackson,Ray Jackson_<NA>,
11715,7646,,,,,,,,,,493714.0,,,3823.0,2950.0,,,0.0,,,Fred Russell,fred russell,RB,FA,,,0.0,,,,,,,Louisville,2025,Fred Russell,Fred Russell_<NA>,
11738,7677,,,,,,,,,,,,,4077.0,,,,0.0,,,Mike Brake,mike brake,TE,FA,1999-12-30,21.4,0.0,,,,,,,,2025,Mike Brake,Mike Brake_<NA>,
11762,7715,,,,,,,,,,,,,,,,,0.0,,,Matt Stanley,matt stanley,RB,FA,,,0.0,,,,,,,,2025,Matt Stanley,Matt Stanley_<NA>,
11775,7731,,,,,,,,,,,,,,,,,0.0,,,Jamaal Broussard,jamaal broussard,WR,FA,,,0.0,,,,,,,,2025,Jamaal Broussard,Jamaal Broussard_<NA>,
11787,7748,,,,,,,,,,,,,,,,,0.0,,,Freddie Smith,freddie smith,WR,FA,,,0.0,,,,,,,,2025,Freddie Smith,Freddie Smith_<NA>,
11799,7770,,,,,,,,,,396907.0,,,,3070.0,,,0.0,,,Scott Vines,scott vines,WR,FA,,,0.0,,,,,,,,2025,Scott Vines,Scott Vines_<NA>,
11803,7779,,,,,,,,,,,,,1656.0,3079.0,,,0.0,,,Jay Taylor,jay taylor,PK,FA,,,0.0,,,,,,,,2025,Jay Taylor,Jay Taylor_<NA>,
11846,8110,,,,,,,,,,,,,,,,,0.0,,,Chris Bush,chris bush,RB,FA,,,0.0,,,,,,193.0,Tulane,2025,Chris Bush,Chris Bush_<NA>,
11864,8141,,,,,,,,,,,,,,,,,0.0,,,Tramissian Davis,tramissian davis,WR,FA,,,0.0,,,,,,195.0,Louisiana Tech,2025,Tramissian Davis,Tramissian Davis_<NA>,
11912,8214,,,,,,,,,,,,,,,,,0.0,,,Christopher Jones,christopher jones,WR,FA,,,0.0,,,,,,,,2025,Christopher Jones,Christopher Jones_<NA>,
11936,8518,,,,,,,,,,,,,,,,,0.0,,,Vince Butler,vince butler,WR,FA,,,0.0,,,,,,,,2025,Vince Butler,Vince Butler_<NA>,
12043,9814,,,,,,,,,,,,,,5743.0,,,0.0,,,Martell Mallet,martell mallet,RB,FA,,,0.0,,,,,,,,2025,Martell Mallet,Martell Mallet_<NA>,
12067,192,,,,,,,,,,,,,,,,,,,,Morten Andersen,morten andersen,PK,FA,,,,,,,,,,,2025,Morten Andersen,Morten Andersen_<NA>,
12079,342,,,,,,,,,,,,,,,,,,,,Tony Banks,tony banks,QB,DAL,,,,,,,,,,,2025,Tony Banks,Tony Banks_<NA>,
12091,450,,,,,,,,,,,,,,,,,,,,D'Wayne Bates,dwayne bates,WR,CHI,,,,,,,,,,,2025,DWayne Bates,DWayne Bates_<NA>,
12096,634,,,,,,,,,,,,,,,,,,,,"Bennett,Michael","bennett,michael",RB,MIN,,,,,,,,,,,2025,"Bennett,Michael","Bennett,Michael_<NA>",
12107,792,,,,,,,,,,,,,,,,,,,,Jeff Blake,jeff blake,QB,NOS,,,,,,,,,,,2025,Jeff Blake,Jeff Blake_<NA>,
12109,804,,,,,,,,,,,,,,,,,,,,Drew Bledsoe,drew bledsoe,QB,NEP,,,,,,,,,,,2025,Drew Bledsoe,Drew Bledsoe_<NA>,
12127,902,,,,,,,,,,,,,,,,,,,,R.j. Bowers,rj bowers,RB,CAR,,,,,,,,,,,2025,R.j. Bowers,R.j. Bowers_<NA>,
12134,942,,,,,,,,,,,,,,,,,,,,Kyle Brady,kyle brady,TE,JAC,,,,,,,,,,,2025,Kyle Brady,Kyle Brady_<NA>,
12140,972,,,,,,,,,,,,,,,,,,,,Doug Brien,doug brien,PK,NOS,,,,,,,,,,,2025,Doug Brien,Doug Brien_<NA>,
